フレームシフト変換は、次のどの場合に作成されるか。,DNAからテロメア配列が取り除かれた場合,コドンの塩基配列が変化し、元のアミノ酸とは異なるアミノ酸の生産を要求するようになった場合,遺伝子内で塩基対が挿入または欠失した場合,コドンのヌクレオチド配列は、特定のアミノ酸をコードする代わりに翻訳を終了するように変化する場合,C
乾燥や損傷を防ぐために、陸生脊椎動物の胚は、どこから分泌される流体の中に包まれるか。,羊膜,絨毛,尿膜,卵黄嚢,A
次のうち細胞質へのカルシウムイオンの放出を刺激するセカンドメッセンジャーはどれか？,プロスタグランジン,イノシトール三リン酸,サイクリックAMP,カルモジュリン,B
一本鎖RNA鋳型からのRNA/DNAハイブリッドの合成には、何が必要か？,DNAまたはRNAプライマーと逆転写酵素,DNAまたはRNAプライマーとDNAポリメラーゼ,RNアーゼのみ,逆転写酵素のみ,A
ある生物の集団に関してハーディー・ワインベルグの法則が働くためには、以下のどの条件を満たせばよいか？：,遺伝子が他の集団と交換される。,個体群のサイズが大きい。,自然選択は起こらない。,交配は無作為。,A
哺乳類の雌細胞の核内に見られるBarr体は、なんの１例か？,ユークロマチン,ヘテロクロマチン,シストロン,偽遺伝子,B
次のうち、大気中の炭素源でないものはどれか。,呼吸,光合成,バクテリアによる分解,化石燃料の燃焼,B
区切り平衡説の概念とは何について述べたものか。,振動する生態学的後継段階,突然の環境変化（例えば火災）によって停止する生態学的後継,比較的安定した環境における持続的な捕食者と被食者の関係 ,種分化のバーストと、それに続く比較的変化の少ない系統,D
インフルエンザウイルスが細胞内に侵入すると、ただちに次のどれを始めるか？,ウイルスDNAを宿主細胞の染色体に組み込む,宿主細胞の転写機構を破壊する,遺伝物質を複製し、ウイルスタンパク質を合成する,逆転写酵素のウイルスコピーを使用してウイルスDNAを製造する,C
極軸に対して斜めの角度で起こる初期の細胞分裂から生じる裂開対称性は、何と言われているか。,部分卵割,放射状開裂,らせん開裂,表面開裂,C
新しく合成されたタンパク質の標的化には、次のどの目的地に対して2つの異なるシグナルペプチドが必要である可能性が最も高いか？,細胞膜,ライソゾーム,細胞質,葉緑体,D
スウェーデンでは、アカギツネ（Vulpes vulpes）はノウサギを含む獲物の個体数を厳しく制限している。しかし、アカギツネの個体群は時に致命的な寄生虫であるツメダニに襲われる。ある場所でダニの個体数が増加した場合、同じ場所でノウサギとキツネの個体数はどのように影響する可能性が高いか？ （この場所ではキツネ以外にノウサギの主要な捕食者はいないと仮定する）,キツネとノウサギの個体数は両方とも減少する。,キツネとノウサギの両方の個体数が増加する。,キツネの個体数は減少し、ノウサギの個体数は増加する。,キツネの個体数は増加し、ノウサギの個体数は減少する。,C
細胞核には以下のうちどれが含まれているか？ I. DNA II.タンパク質 III.RNA,Iのみ,IIのみ,IIIのみ,I、II、およびIII,D
ある分類学的分類では、古細菌、真核生物、バクテリアは生命の3大ドメインを表している。真核生物は一般的な転写因子であるTBP（TATA結合タンパク質）とTFIIBを転写に利用するが、細菌は利用しない。古細菌の少なくとも1つのメンバーは、TBPに似たタンパク質とTFIIBに似たタンパク質を持っている。この観察結果から、次のシナリオの中で最も可能性が高いのはどれか？,古細菌と真核生物は、共通の祖先がバクテリアから分岐した後に分岐した。,古細菌とバクテリアは、共通の祖先が真核生物から分岐した後に分岐した。,バクテリアと真核生物は、共通の祖先が古細菌から分岐した後に分岐した。,古細菌、真核生物、バクテリアは同時に共通の祖先から分化した。,A
ウニの卵母細胞において細胞内遊離カルシウムが増加すると、多精子症を予防する働きをするタンパク質分解酵素の放出を引き起こす。この事象ではどんなことを伴うか。,ゾナ反応,アクロゾーム反応,皮質反応,受精反応を伴う。,C
次のうち、菌根菌が多くの植物に与える恩恵はどれか？,極度に乾燥した生息地で、植物の根を乾燥から守る。,窒素を固定し、窒素が制限された生息地の植物にとって特に重要。,多くの種類の土壌で制限されている必須元素であるリンを供給する。,固定された窒素と引き換えに、植物に炭素を供給する。,C
鳥類の鳴き声の発達に関する実験から、隔離飼育された若い雄が異なる種の鳥の鳴き声だけを聞くと、成鳥の鳴き声のレパートリーを発達させるが、そのレパートリーには同種の鳥に典型的な特徴が欠けていることがわかった。この結果から、種の鳴き声についてどんなことがわかるか。,発達の過程で完全に学習されたものである可能性が高い,完全に本能的なものである,本能的かつ学習されたものである,適切な発達のためにホルモンに依存している可能性が高いことを示している。,C
レトロトランスポゾンを最も正確に表しているのはどれか？,複製することなく、ゲノム中のある部位から別の部位へ移動できるDNA配列,ゲノムから結果なしに欠失させることができるDNA配列,RNA中間体を介して複製するDNA配列,タンパク質中間体を介して複製するDNA配列,C
次のバイオームの土壌のうち、養分の溶出と循環の割合が最も高いのはどれか？,熱帯雨林,ツンドラ地帯,タイガ地帯,砂漠地帯,A
次のうち、酵素が化学反応を促進するのに効果的な理由を最もよく説明しているのはどれか？,酵素は反応混合物の温度を上昇させ、反応物から生成物への変換を速める。,酵素は反応の平衡定数(K_eq)を変化させるので、より多くの反応物を生成物に変換できる。,化学反応の最大速度(V_max)を上げる。,活性化エネルギーを低下させ、反応物から生成物への変換を速める。,D
人口の増加において、出生率と死亡率が互いに等しくなる点を何というか。,人口クラッシュ,人口爆発,人口ゼロ成長,指数関数的成長,C
コウモリの翅と蝶の翅は、形と機能においてどんなことがいえるか。,相同な構造,類似した構造,退化した構造,形も機能も異なる,B
双子葉茎の中心にある髄からなる細胞型は次のうちどれか。,柔組織,厚壁組織,維管束形成層,維管束,A
既存のゲノムに挿入できるDNAの可動領域は、どれか。,プリオン,シストロン,イントロン,トランスポゾン,D
パイオニア種が岩、砂、氷河地層などのむき出しの基質に定着する過程は、何というか。,風化,安定化遷移,二次遷移,一次遷移,D
カッコウのような繁殖寄生虫は、巣にいる幼鳥の大きなおねだりの合図に対する宿主鳥の本能的な反応を利用することで、他の種の鳥を騙して幼鳥を飼育させることに成功している。宿主となる鳥の種が、自分たちの子孫に害を及ぼすようなカッコウの子育てに騙されることを可能にする遺伝子は、集団の遺伝子プールに残っている可能性が高いが、その理由はなにか。,平均的に、宿主鳥の反応は、彼らが空腹であることを示す者にのみ餌を与えることによって、彼ら自身の子を効率よく育てることができる,鳥が他の種の交配者を飼育するときに、騙された鳥の最大適合性は損なわれることはない,"平均的に、鳥が交尾者であろうと自分のものであろうと,労力は変わらない",カッコウの最大適合性は、その後減少するだろう,A
培養線維芽細胞で観察される細胞運動性で排除されるものはどれか。,接着斑,ビンキュリン,クラスリン,ラメリポディア,C
ハミルトンの法則によると、利他的な特性は、c <brであり、ここでcは提供者に対する利他的な行動の適合性費用であり、bは受信者に対する適合性便益であり、rは何であれば進化するか。,血縁係数,利他的対立遺伝子の頻度,近親交配係数,互恵率,A
高温環境での水分損失を最小限に抑えるための植物の適応には、次のうちどれが含まれる？,気孔が多い,上皮が薄い,葉の代わりにトゲがある,表面積と体積の比率が大きい,C
結合組織に存在しない可能性があるものを1つ選びなさい。,トロンビン,グリコサミノグリカン,コラーゲン,繊維芽細胞 ,A
ヒト男性の正常な体細胞に通常見られないものはどれか？,最初の接合体が持つ全遺伝情報,活性化されていないX染色体,44本の常染色体,二倍体核,B
木のてっぺんや近くの絶壁の端に巣を作ることができる鳥類は、絶壁の端により攻撃的な鳥類種が定着しているため、木のてっぺんにだけ生息する。 生息地に関しては、木のてっぺんに巣を作る鳥たちは、どんな生態的地位を利用しているか。,基本的ニッチのみを利用している,現実的ニッチのみを利用している,生態的ニッチのみを利用している,基本的ニッチも現実的ニッチも利用していない,B
r-選択種の特徴でないものを1つえらびなさい。,繁殖率が高い,体が小さい,不安定な環境を占有する,競争力が高い,D
配列5′ CGA TTG 3′を有するDNA鎖と相補的なのはどれか。,5′ GCU AAC 3′,5′ GCT AAC 3′,5′ GTT AGC 3′,5′ CAA TCG 3′,D
シダ植物はどのように世代交代を行うか。,優性胞子体は独立した配偶体と交代する,支配的な配偶体は依存性の胞子体と交代する,胞子体と配偶体の寿命は等しい,配偶体は減数分裂によって配偶子を作る,A
線条筋（骨格筋など）のサルコメアに関する以下の記述のうち、正しいものはどれか。,収縮時にはHゾーンが伸長する。,弛緩位ではトロポミオシンがミオシンのアクチン結合部位へのアクセスを阻害する。,各ミオシンらせん尾部には、アクチン結合部位とATP加水分解部位がある。,トロポニンとトロポミオシンというタンパク質は、それぞれ太いフィラメントと細いフィラメントを構成している。,B
攻撃的なアリが熱帯の小木の膨らんだとげの中に住み着き、その木が葉の先端に出す油分を食べている。次の実験のうち、アリが葉を食べる昆虫を殺すか追い払うかすることで、植物を守っているという仮説を検証するのに最も適したものはどれか？,アリを取り除き、その後の葉の損傷を測定する。,油分を多く含む葉を取り除き、その後のアリ密度を測定する。,棘を取り除き、その後のアリの密度を測定する。,葉を食べる昆虫を取り除き、その後のアリの密度を測定する。,A
甲殻類と昆虫の視覚器官には、なにが含まれているか。,眼点,単眼,複眼,両眼視,C
脊椎動物の接合体段階から胎児までの発達を研究している胚学者が、次の結論のうちどれを導き出すのが正当か？,個体発生は系統発生を再現する。,初期胚は、その綱、目、種の同一の特徴を示す。,ヒトの初期胚は、魚類や鳥類の初期胚と共通の特徴を持っている。,ヒト胚はその発生の過程で、成魚や鳥類の特徴を示す。,A
茎を持つ甲虫が5年生の木の枝の中央に卵を産み、卵は幼虫に成熟した。 適切な順序で（内側から外側へ）、幼虫が小枝の外側に向かって食べるときに遭遇する組織と組織領域は何か？（簡単にするために、表皮がすでに完全に剥がれていると仮定してください。）,髄；一次木部；二次木部；維管束形成層；一次葉茎；二次葉茎；皮質,髄；二次木部；一次木部；維管束形成層；二次葉茎；一次葉茎；皮質,髄；二次木部；一次木部；維管束形成層；一次葉茎；二次葉茎；皮質,髄；一次木部；二次木部；維管束形成層；二次葉茎；一次葉茎；皮質,D
次のペアを一緒に溶液に入れた。低速遠心分離を行うことで分離できたのはどれか？,DNAとmRNA,核と分泌小胞,ゴルジ体と小胞体,リソソームとエンドソーム,B
次のうち、肺胞と肺毛細血管内の血液との間でガスが拡散する速度を高めるのはどれか？,ガスの分圧勾配を減少させる,ガスの水への溶解度を減少させる,拡散に利用可能な総表面積を増加させる,肺毛細血管を通る血流速度を減少させる,C
木質茎のガス交換の場として機能する構造は、どれか。,皮孔ひこう,終芽,節,節間,A
天敵は、以下の1つを除いてすべてに対して強力な選択力として関与している。その除かれる1つとはどれか。,警告［警戒］色,化学的防御,咀嚼（同期結実）,嗜好行動,D
次のうち、イントロンの特徴でないものはどれか？,真核生物にのみ存在する。,ノンコーディング領域。,ポリペプチド鎖をコードするDNA領域上にエクソンと一緒に散在している。,5'キャップと3'ポリ（A）テールを得る前に、プライマリトランスクリプトから削除される。,D
安静にしている健康な人が、意識的に呼吸を速くし始めた。この過呼吸による血液の変化は、次のうちどれか？,二酸化炭素分圧の低下と水素イオン濃度の増加,二酸化炭素分圧の低下と水素イオン濃度の減少,二酸化炭素分圧の増加と水素イオン濃度の増加,二酸化炭素分圧の増加と水素イオン濃度の減少,B
次のうち、哺乳類の女性生殖管の構造で、解剖学的に正しい順序はどれか？,卵管、子宮、網状組織、膣,卵管、精巣、子宮、膣,卵巣、卵管、子宮、膣,卵巣、子宮、膣、網状組織,C
日射の透過と栄養塩の湧昇を特徴とする海洋生態系領域を何というか。,バチル帯,浅海帯,遠洋帯,底生生物帯,B
ヒトでは、色素性乾皮症（XP）と呼ばれる遺伝性疾患により、紫外線によるDNA損傷が修復できなくなることがある。次のうち、XP患者において最も生じやすい分子病変はどれか？,チミン二量体,シトシンの脱アミノ化,脱プリン化,DNAの一本鎖切断,A
化学合成細菌は、光吸収色素を持たないにもかかわらず、自ら餌を生産することができる。なぜか。,アンモニア、硫黄、水素などの無機物質を酸化する,アンモニア、硫黄、水素などの無機物質を還元する,有機化合物を酸化する,光エネルギーを化学エネルギーに変換する,A
以下の1つを除いて、細胞内メッセンジャーとして機能する可能性がある。除く1つはどれか。,カルシウムイオン,cAMP,アセチルコリン,"イノシトール1,4,5-三リン酸",C
植物の胚発生に関する以下の記述のうち、例外はどれか。,被子植物は基底細胞から発生する。,子葉は頂端細胞から派生している。 ,シュート頂端分裂組織の形成は種子形成後に起こる。,3つの植物組織系のすべての前駆体は胚発生中に形成される。,C
マウス精子は、マウスの卵の中に糖タンパク質（ZP3）と結合する受容体タンパク質を含んでいる。 ZP3受容体とZP3の結合は、精子のアクロソーム反応を開始する。以下の実験結果はすべて予想されるが、1つだけ除外するものはどれか。,ZP3に結合する抗体を卵子に注射すると、体外受精が阻害される。,精子と卵子を混合する前に精製されたZP3で精子を培養することは、体外受精を阻害する,ZP3に結合する抗体と卵子をインキュベートすると、体外受精が阻害される。,異なる糖タンパク質であるZP2で合成ビーズをコーティングしても、ビーズ上での精子の凝集は起こらない。,A
連鎖不平衡を促進しない要因はどれか？,無性生殖,共適応遺伝子複合体,エピスタシス,無作為交配ランダム交配,D
ある実験では、両生類の接合体の最初の裂開面を操作して、最初の裂開から生じる2つの胚珠のうち1つだけに灰色の三日月が含まれるようにした。その後、2つの胚珠を分離した。胚珠の運命はどうなると予想されるか？,灰色の三日月をもつ胚珠は、灰色の三日月をもたない胚珠よりも早く大きくなる。,灰色の三日月がある胚盤胞は、小さいが完全な胚を形成する。,灰色の三日月がない胚盤胞は、完全だが小さい胚を形成する。,灰色の三日月を持つ胚盤胞は分裂を停止し、2 回目の裂開の前に死滅する。,B
発達中のニューロンからの神経伸長は、軸索の先端にある成長円錐から始まる。成長錐体の微小突起は、成長錐体を前進させるために伸縮する。発生のこの段階で神経細胞をチトカサリンBにさらすと、どうなるか。,軸索の微小管が可逆的に解離する,軸索の微小管が不可逆的に解離する,マイクロスパイクのマイクロフィラメントが可逆的に解重合する,マイクロスパイクのマイクロフィラメントが不可逆的に解重合する,C
モノクローナル抗血清は、次のうちどれの方法でポリクローナル抗血清と区別されるか？,モノクローナル抗血清の各抗体は、単一の抗原の単一領域に反応する。,モノクローナル抗体は単一の抗原の複数の領域に反応し、ポリクローナル抗体は関連抗原の単一領域に反応する。,モノクローナル抗血清は単一のBリンパ球の子孫から分泌された抗体を含み、ポリクローナル抗血清は異なるBリンパ球の子孫から分泌された抗体を含む。,モノクローナル抗血清は単一のBリンパ球の子孫から分泌された抗体を含み、ポリクローナル抗血清はBリンパ球とTリンパ球の両方の子孫から分泌された抗体を含む。,C
補助的なガス交換器官を使用せずに、呼吸に必要な肺組織を発達させた最初の動物群は、どれか。,両生類,爬虫類,哺乳類,吸虫,B
次のうち、種が国際的に分布するようになる可能性が最も高い生物学的属性はどれか？,極端な生息地の特殊性,K-選択繁殖率,限られた分散能力,長距離分散能力,D
最も初期の細胞の形成において、最も最初に生じたと思われる構成要素はどれか？,核,細胞膜,ミトコンドリア,鞭毛,B
チャールズ・ダーウィンが『種の起源』を出版した1859年以前に確立していた事実は次のうちどれか？,DNAは遺伝の高分子基盤を提供する。,メンデルの原理は、ある形質が優性であり、他の形質が劣性である理由を説明する。,原核生物には細菌と古細菌という2つの主要な領域がある。,絶滅した種の化石が存在する。,D
菌類は以下の1つを除いてそれぞれに関与する。その除外される1つとはなにか。,光合成によってグルコースを生産する,発酵によってアルコールを生産する,ヒトと結合して白癬菌を生産する,植物の根と結合して菌根を形成する。,A
葉緑体では、あるタンパク質がチラコイドの内腔（チラコイド腔）に存在する。このタンパク質は核で転写され、細胞質のリボソームで合成される。このタンパク質が最終的な場所に到達するためには、何枚の膜二重層を越えなければならないか？,一つ,二つ,三つ,四つ,C
哺乳類の心周期の間、心室一回拍出量に相当する血液量が、循環のコンプライアンスが高い静脈側から低い動脈側へ移動する。静脈と動脈のコンパートメント内の圧力に関して、この移動はどのような影響をもたらすか。,どちらのコンパートメントでも圧力の変化なし,静脈圧には影響せず、動脈圧はわずかに上昇する,静脈圧は上昇し、動脈圧は等しいが反対に低下する,静脈圧にはほとんど影響せず、動脈圧は大きく上昇する。,D
真核生物のゴルジ器官に関する次の記述のうち、正しいものはどれか？,ゴルジ体は細胞質内で小胞体に最も近くなるように配置されている。,通常、小分泌小胞と一緒になっており、そのシス面の近くに位置する。,その複合した扁平なシステナは互いに連続している。,ある種の分泌タンパク質のグリコシル化は、タンパク質がその内腔に入る前に起こる。,A
単子葉植物の根で最初に水が入るのは、どこか。,根冠,キャスパリアン・ストリップ,周皮,内胚葉の細胞質,D
次の植物細胞のうち、プログラム細胞死を経て機能するようになるのはどれか？,篩部,木質導管,気孔孔辺細胞,根冠組織,B
被子植物と裸子植物を区別する特徴はどれか？,多年生,真根,頂生,卵巣に包まれた種子,D
ガチョウの一種は、海に近い崖と砂浜の両方に巣を作る。孵化後すぐに、すべてのヒナは海へと向かわなければならない。崖に営巣したヒナは海へ行くために崖を転げ落ちなければならないが、その多くは落下によって死んでしまう。このガチョウの種において、崖に営巣することが適応的であるという仮説と最も一致するのはどれか。,多くのガチョウが崖よりも砂浜に営巣する。,崖側での営巣は海岸での営巣よりも高い適応度を与える。,崖に営巣したヒナは、本能的に適切な時期に崖から降りる。,崖からの転落で生き残るひなの数は、殺されるひなよりも多い。,B
肥満細胞や好塩基性白血球の細胞膜に存在する、ε-重鎖を持つ免疫グロブリンは、どのクラスに属すか。,IgE,IgA,IgD,IgM,A
1つの細胞に注入された1000ドルトンの蛍光分子はどこを通過して隣接細胞に入っていくか。,スポットデスモソーム,ベルトデスモソーム,ギャップジャンクション,タイトジャンクション,C
環形動物と節足動物は、どのような点が類似しているか。,分節した体を持つ点,閉じた循環系を持つ点,湿った膜を通した拡散によってガス交換を行う点,発達した感覚器官を持つ という点,A
タンパク質をコードするヒトゲノムの割合は？,2％,25％,50％,90％,A
次の記述のうち、水と比較して空気について正しいものはどれか？,空気はより多くの物理的サポートを提供する。,空気は酸素濃度が高い。,空気は運動に対する抵抗が大きい。,空気の方が熱慣性が大きい。,B
原生生物界に属する生物について正しいのはどれか？,真核生物。,シアノバクテリアを含む。,異栄養性。,ペプチドグリカンからなる細胞壁を持っている。,A
細胞分裂の際、有糸分裂紡錘体が付着する場所となる染色体の部分は、どこか。,色素胞,染色小粒,動原体,中心小体,C
一定の方向に這って成長する植物にはどんな性質があるか。,接触屈性,光屈性,重力屈性,負の重力屈性,A
ある酵素の活性がpH値の広い範囲で一定である場合、どんなことが考えられるか。,酵素上のイオン化基のみが反応に関与している,基質上のイオン化基のみが反応に関与している,酵素と基質の両方にイオン化基が存在する,酵素にも基質にもイオン化基が存在しない。,D
ガーデンエンドウでは、背の高い植物（D）の対立遺伝子が矮小植物（d）の対立遺伝子に対して完全に優勢であり、すみれ色（W）の対立遺伝子が白花色の対立遺伝子に対して完全に優勢であることを特徴とする。 遺伝子型DDWwを持つ背の高いスミレ植物と矮小な白色植物との交雑において、この交雑から子孫の表現型比はどの程度期待されるか？,すべて背の高いスミレ,背の高いスミレ1個：矮性スミレ1個,背の高いスミレ1個：背の高い白1個：矮性スミレ1個：矮性白1個,背の高いスミレ1個：背の高い白1個,D
培養中に増殖したがん細胞は、どのような点において、培養中に増殖した正常な細胞と類似しているか。,不定回数分裂する,接触阻害を示さない,増殖するためには接着面を必要とする,同じ細胞密度まで増殖する。,C
特定のDNA配列に対するタンパク質の結合を証明するために使用できる技術はつぎのうちどれか？,ウェスタンブロットハイブリダイゼーション,ノーザンブロットハイブリダイゼーション,サザンブロットハイブリダイゼーション,ゲルシフト・アッセイ,D
ヒトでは、血清中のカルシウム濃度を維持するために、何の分泌が必要か。,サイロキシン,グルカゴン,成長ホルモン,副甲状腺ホルモン,D
アミノ酸オルニチンは、尿素サイクルの各ターンの間に、クエン酸サイクルの次の参加者のどれと同様に再生されるか？,コハク酸,フマル酸,オキサロ酢酸,クエン酸,C
被子植物に特有の特徴はどれか？,風で運ばれる花粉,優性胞子体のライフサイクル,世代の交代,二重受精,D
哺乳類は以下のすべてにおいて恒常性を保つが、例外が1つある。それはどれか。,体温,血糖濃度,血中pH,代謝率,D
頭上の捕食者の姿に反応して幼鳥がしゃがむのは、どの例にあてはまるか。,条件反射,固定された行動パターン,刷り込まれた行動,学習された行動 ,B
霊長類の間では、種における高度な性的二型性は通常どの性別の間で激しい競争を示すか。,個々の食物資源を得るためのオス,交尾相手を得るためのオス,個々の食物資源を得るためのメス,交尾相手を得るためのメス ,B
光合成を活発に行う植物において、酸素生産率が最も高い組織はどれか？,皮質,さく状葉肉組織,表皮,維管束形成層,B
雷雨後の喘息発作の異常な増加に関する最近の理論では、5ミクロンの花粉粒は気道に入るには大きすぎるが、水にさらされると浸透圧ショックの結果としてデンプン顆粒が放出される。デンプン顆粒は下気道に入り、喘息発作を引き起こすのに十分小さい。この説が正しいとすると、正しい記述は次のうちどれか？,花粉粒の内部は周囲の環境に比べて低張状態であった。,花粉粒の内部は周囲の環境よりも浸透圧が高かった。,花粉粒は内容物を放出する前に形質分解を受けた。,花粉の粒は、破裂する前に収縮し、内容物が放出された。,B
いくつかの近縁種の植物間の雑種は、親植物が異なる染色体番号を持っていたため、無菌。 時々、そのような雑種植物の染色体数は自然に倍増する。 次のうち、二重染色体番号を持つ植物の子孫を最もよく表しているのはどれか？,染色体数が2倍になった植物は遺伝的に欠陥があり、子孫は残らない。,二重染色体数を持つ植物は導入能力が高いので、子孫は選択的に有利。,子孫は親種と戻し交配できるので、繁殖的に成功する。,染色体が正常に対になる可能性があるため、子孫は性生殖能力を回復するだろう。,D
ファロイジンはデスキャップ茸によって作られる毒素。この毒素はアクチンサブユニットに結合し、アクチン機能を破壊する。 次のうち、ファロイジンに最も直接的な影響を受ける構造はどれか？,中間フィラメント,コラーゲン線維,マイクロフィラメント,微小管,C
ハーディー・ワインベルク平衡は、一般的に以下の１つを除くすべてを仮定している。除外されるものはどれか。,巨大人口,遺伝的浮動,ランダム交配,選択の欠如,B
真菌に関する次の記述のうち、正しくないものはどれか？,どれも真核生物。,どれも堅い細胞壁を持っている。,ほとんどが糸状菌。,光合成をするものもある。,D
次のうち、src癌遺伝子によってコードされ、細胞タンパク質に特異的にリン酸基を付加する触媒を行うものはどれか？,プロテインホスファターゼ,アデニル酸シクラーゼ,Gタンパク質結合型受容体,チロシンキナーゼ,D
C4植物もCAM植物も、光呼吸を減らすために生理学的・生化学的戦略を採用している。この2つの戦略の比較として正しいものはどれか？, C4植物は4-炭素酸オキサロ酢酸としてCO2を固定し、CAM植物は5-炭素酸リブロース1，5-ビスリン酸としてCO2を固定する。,C4植物は中葉でCO2を固定するが、束鞘でカルビンサイクルを行うのに対し、CAM植物は中葉でCO2を固定し、カルビンサイクルを行う。,C4植物は束鞘でCO2を固定するが、中葉でカルビンサイクルを行い、CAM植物はCO2を固定し、束鞘でカルビンサイクルを行う。,C4植物はCO2をホスホグリコール酸として貯蔵するが、CAM植物はCO2をオキサロ酢酸として貯蔵する。,B
葉緑体の膜の並びで、最も内側の膜から始まり、最も外側の膜で終わる、正しいものはどれか？,チラコイド膜、内膜、外膜,内膜、外膜、チラコイド膜,外膜、内膜、チラコイド膜,ストラマ、外膜、内膜,A
細菌細胞に影響を与える抗生物質は、ある1つ以外のすべてを阻害する。そのある1つとは以下のうちどれか。,ペプチドグリカンの合成,タンパク質の合成,DNAの合成,逆転写酵素,D
ショウジョウバエのシルバレンティスで光学顕微鏡を使って観察される多染色体とはどんなものか。,活発に転写を行っていない,有糸分裂中にのみ生成される,DNA複製と核分裂の繰り返しによって生成される,単一の染色体の複数のコピー。,D
分裂中の真核生物に倍数体を誘導する薬剤はどれか？,ペニシリン,コルヒチン,テトラサイクリン,ピューロマイシン,B
ミトコンドリアと葉緑体に関する次の記述のうち、一般的に正しいものはどれか？,植物には葉緑体はあるがミトコンドリアはない；動物にはミトコンドリアはあるが葉緑体はない。,植物には葉緑体はあるがミトコンドリアはない；菌類にはミトコンドリアはあるが葉緑体はない。,植物と菌類には葉緑体はあるがミトコンドリアはない；動物にはミトコンドリアしかない。,植物には葉緑体とミトコンドリアの両方があり、動物と菌類にはミトコンドリアしかない。,D
シアノバクテリアと緑色単細胞藻類との違いは？,シアノバクテリアは硫黄化合物を減少させる,シアノバクテリアには細胞壁がない。,シノアバクテリアには核がない。,緑藻類は細胞膜を作る。,C
タンパク質のαらせんの独特なコイル構造の安定化は、主にどの結合に起因するか。,ペプチド骨格原子間の水素結合,システイン側鎖間のジスルフィド橋,極性アミノ酸に結合した炭水化物部分,アミノ酸を共有結合するペプチド結合,A
DNaseによるヌクレオソーム二量体からヌクレオソーム単量体への消化の標的は、どれか。,H1ヒストン,ヒストンH2A、H2B、H3、H4,ヌクレオソームコア,リンカーDNA,D
好熱性でメタン生成能を持ち、リン脂質の代わりにイソプレニルグリセロールエーテルを膜に持つ原核生物は、どれか。,プロテオバクテリア,スピロヘータ,クラミジア属,古細菌,D
以下の環境条件はすべて、植物からの蒸散速度を増加させるが、当てはまらないものはどれで,高温,高相対湿度,低相対湿度,風,B
胚の裂開に関する次の記述のうち、正しくないものはどれか？,卵黄の存在は卵割を阻害する。,テロレシタル卵は胚芽切断を受ける。,植物極は動物極よりも容易に割球を受ける,割球の急速な分裂が直接胚盤胞を生じる,C
真核生物の光合成細胞では、電子が光系Iに関連する電子伝達鎖を循環的に流れるとき、次のうちどれが起こるか？ ,ATPの合成,NADP+からNADPHへの還元,O2の放出,CO2の糖への還元,A
多くの海洋鳥類は海水を飲むが、海水に低浸透圧である一定のレベルで内部浸透圧を維持する。 次の生理学的戦略のうち、鳥が組織浸透圧を維持する方法を最もよく説明しているのはどれか？ ,海鳥は特殊な塩交換腺を通して環境から水分を吸収し、腎臓で大量の希薄尿を作る。,海鳥は特殊な塩交換腺を通して環境から塩分を吸収し、腎臓で大量の濃縮尿を作る。,海鳥は特殊な塩交換腺から塩分を排泄し、少量の尿を作る。,海鳥は、特殊な鼻腺を通して塩分と窒素老廃物を排泄する。,C
小型のげっ歯類の一種が、一種類の松の種子だけを食べる。例年、この種のげっ歯類のペアは2、3匹の子を産む。小型のげっ歯類がこれほど小さな子を産むのは珍しい。このげっ歯類は他にどの特徴を示す可能性が高いか？,中程度の性的サイズ二型,高い親の投資,前社会的な子供,頻繁なペア外交配,B
次のうち、オークの木を構成する有機物の乾燥質量に最も大きな影響を与えるのはどれか？,根によって取り込まれる土壌中の腐敗物からの有機分子,根によって取り込まれる地下水中に溶解したミネラル栄養分,根によって取り込まれる水と空気中の二酸化炭素,ドングリの子葉にある胚乳,C
進化が起こるためには、次のうちどれが真実でなければなりませんか？,ある集団の遺伝子プールに含まれる対立遺伝子の頻度は、世代を経るにつれて変化している。,ある集団の遺伝子プールにおけるいくつかの対立遺伝子の頻度は、生物が生きている間に変化した。,ある集団の遺伝子プールに含まれる各対立遺伝子の頻度は、世代を重ねても一定。,ある生物の遺伝子型に含まれる各対立遺伝子の頻度は、その生物の一生を通じて一定。,A
進化論的観点から、与えられた特性に適用される最適性理論は、次のどの考えによって最もよく表されているか。,形質から得られる利益が、それらを実行する動物に対する形質のコストを超える場合、その形質はゲノム内で持続する,特性が特性の代替形態に関連する費用に対する最善の収益を得る場合、その特性は、代替形態に勝つだろう,有益な形質は、エネルギーと生理学において常に有機体にコストをかける価値があるので、それらの形質はゲノム内で持続する,形質が集団の遺伝子プールにとどまるためには、特定の形質によって有機体の相対的適合性が改善されなければならない,B
アルコールデヒドロゲナーゼの存在下では、アセトアルデヒド濃度が高くなるにつれて、エタノールに対するアセトアルデヒドの還元率が高くなる。最終的に反応速度は最大に達し、それ以 降はアセトアルデヒドの濃度を増やしても効果はない。反応速度が最大になった時点で正しいのはどれか？,ほとんどすべての酵素分子がアセトアルデヒド分子と相互作用している。,反応の活性化エネルギーは減少する。,反応の自由エネルギーの変化は減少する。,この酵素はもはやアセトアルデヒドに特異的ではない。,A
DNAの突然変異がどのようにして新しい表現型の発現をもたらすかを最も適切に説明しているものはどれか？,異なるポリペプチドが産生される。,tRNAの極性がDNAの極性と逆になる。,核酸がメチル化される。,この遺伝子は現在、3'から5'方向に読まれている。,A
酵素の競合的阻害剤は、何によってその効果を発揮するか。,酵素と不可逆的に共有結合を形成し、酵素からの解離を効果的に阻止することによってその効果を発揮する,酵素の活性部位を構成するアミノ酸残基の一部を不可逆的に修飾する,基質分子と同じ酵素を競合するが、基質結合部位とは異なる結合部位を持つ,基質と結合できる酵素分子の数を可逆的に減少させる,D
脳が刺激強度の差を感知する能力は、刺激強度によって次のうちどれが変わるという事実で最もよく説明されるか。,活動電位の振幅,閾値電位,1秒あたりの活動電位の数,交差したシナプスの数,C
陸上生態系の純一次生産性が熱帯に向かって増加する傾向にあることを最も適切に説明しているのはどれか。,熱帯では種の多様性が高いため、植物の生育が促進される傾向がある。,熱帯では、植物の成長にかかる代謝コストが低い。,熱帯地方では水が豊富で気温が高いため、光合成が促進される。,熱帯には草食動物を最小限に抑える捕食者が多い。,C
マウス細胞表面タンパク質とヒト細胞表面タンパク質が融合したマウス-ヒト細胞プラズマ膜に沿って統合されるのを観察すると、血漿膜の平面内でタンパク質が移動することが分かった。このような結果を得るために採用された可能性が最も高い細胞培養技術はどれか？,ヘテロカリオンを作る,ハイブリッド細胞を作る,不死変種細胞を培養から分離し、それを用いて細胞株を作る,正常細胞に腫瘍誘発ウイルスを挿入し、形質転換を起こす,A
個体群間の遺伝子流動は、何をもたらすか。,メタ集団における遺伝的均質性の増加,メタ集団における劇症突然変異率の増加,種分化の可能性の増加,メタ集団におけるハーディー・ワインベルク平衡の崩壊,A
タンパク質のオクトマーを取り囲む134塩基対のDNAからなるDNAとタンパク質のサブユニットをなんと呼ぶか。,ヒストン,クロマチン,ヌクレオソーム,ソレノイド,C
温帯の生態系にある植物が、その年の適切な時期に開花を開始するために利用できる環境シグナルとして、最も信頼できるものはどれか？,概日リズム,光周期,気温の変化,アブシジン酸値の変動,B
ミトコンドリアは、pHが低い緩衝溶液に分離され、ATPの製造を開始する。 次のうち、外部pHが低い効果について最も適切な説明はどれか？,それはOH-の濃度を増加させ、ミトコンドリアが膜間空間にH+を送り込む。,ミトコンドリアマトリックス中のOH-濃度を増加させる。,ミトコンドリアマトリックス中の酸濃度を増加させる。,膜間腔からマトリックスへのH+の拡散を増加させる。,D
ネクトンに属する生物は次のうちどれか？,クジラ,フジツボ,シアノバクテリウム,原生生物,A
動物が示す固定行動パターンと呼ばれる行動反応は、どんなときに起こるか。,動物が一生のうち適切な時期に適切な刺激にさらされた2回目に起こる,感覚フィードバックがないときに起こる,一度放出されると自発的に終了することができる運動応答である,動物の環境における多くの感覚信号によって引き起こされる,B
次のうち、ハチによる受粉を制限し、ハチドリによる受粉を促進する適応はどれか？,花弁に紫外線色の模様がある,着地スペースを提供するために花弁が変化している,ペンダント型（吊り下げ型）の赤い色の花,限られた量しか生産されない高濃度の糖分を含む蜜,C
二重受精は顕花植物特有の特徴。このプロセスでは、1つの精子が卵子と結合して接合体を生じる。2番目の精子は極核と結合し、なにを形成し始めるか。,巨胚,内胚葉,胚,内胚乳,D
ホメオティッククラスター遺伝子に突然変異が起こると、ショウジョウバエの発達障害のうちどれを引き起こすか？,一群の連続した分節の欠失,ある分節が別の分節に変化する,前後軸に沿ったすべての分節の極性異常,イマジナルディスクにおける腫瘍形成,B
植物の根によって生じる根圧は、何によって根に水を流入させるか。,転移,密着,浸透,毛細管現象,C
コレステロールの細胞への取り込みは、低密度リポ蛋白質-コレステロール複合体の内在化によって起こる。コレステロールの取り込みには、例外が1つある。どれか。,細胞表面受容体,接着斑,エンドソームの形成,受容体媒介性エンドサイトーシス,B
木部植物の細胞で、支柱となり、水とミネラルを運ぶ2つのタイプは、どれか。,膠原細胞と篩管細胞,篩管部材と伴細胞,気管と導管要素,導管要素と伴細胞,C
排泄器官に関する次の記述のうち、正しいものはどれか。,海水魚の腎臓は、組織に対して高浸透圧の尿を作る。,砂漠哺乳類の腎臓は、淡水魚の尿に対して低浸透圧の尿を作る。,マルピーギ尿細管は、昆虫が外骨格を通して老廃物を排泄するのを可能にする。,哺乳類の腎臓にある髄質ネフロンと並行して、生体は高浸透圧尿を生成することができる。,D
擬態は、自然淘汰によって進化した、生物の環境への適合度を高める戦略。次のうち、ベイツ擬態の一種を表すものはどれか？,ヒキガエルにとって有毒なヤスデの一種は、ヒキガエルが最初にそれを食べようとした後、永久にヒキガエルに避けられる。,ある蛾は、捕食者を混乱させるために尾端に偽の目を見せる。,蛾は、刺す蜂とほぼ同じ色彩を示す。,地上に巣を作るカモメのヒナは、周囲とほとんど見分けがつかない色彩パターンを示す。,C
要となる種は、生態学的群集の構造や構成に大きな影響を与えると考えられているが、その理由は次のうちどれか。,他の種の食料資源を排除することによって多様性を減少させる傾向がある,食物網の基盤を提供する,その群集に生息する他のほとんどの種よりも豊富である,優れた競争相手が、劣った競争相手を地域的絶滅に追いやるのを防ぐことができる,D
遺伝学者が動物個体群の関連性を研究するためにミトコンドリアDNA（mtDNA）を使用する理由は次のうちどれか？,mtDNAは核DNAよりも変異速度が遅い。,mtDNAは母から子へと受け継がれ、一対の染色体間で起こる組み換えの心配がない。,超可変非コード領域には一塩基多型がほとんどない。,すべてのミトコンドリアタンパク質はミトコンドリア遺伝子によってコードされている。,B
ある天然資源に関する文章からの引用である：「元の生態系が人間によって再編成されるときはいつも、単純化される傾向があり、その結果、密度に依存した調節因子の安定化作用が破壊される。このことは、撹乱された生態系では、どんなことを意味しているか。,少ない数の種の大きな個体群が存在する,ある種の個体数レベルは、自然の調節メカニズムによって平衡に保たれている,ある被食生物は、より多様な捕食者により高い捕食率を受ける,ある被食生物は、個体数の急増を起こしにくい,A
表現型が灰色体で正常な翅を持つ連鎖遺伝子を持つ雌のミバエが、表現型が黒色体で退化した翅を持つ雄のミバエと交尾する。子孫の中に灰色体で翅のあるハエが存在することは、何によって最もよく説明されているか。,交雑,独立した同系交配,対立遺伝子の分離,侵入性,A
次のうち、地球上で最も大きく、炭素循環に最も貢献しているのはどれか？,大気,雨林植生,回収可能な化石燃料,海洋,D
チャールズ・ダーウィンが提唱した自然淘汰の条件は、特定の母集団に関して以下のうち含まないものが1つある。それはどれか。,「適合」遺伝子と「不適合」遺伝子の両方の遺伝,生存と繁殖の成功の差,限られた資源をめぐる競争,子孫の過剰生産,A
木部における水の上昇に関する凝集-張力理論に関する次の記述のうち、正しいものはどれか。,葉の中葉細胞からの水の蒸発は、水柱に張力を発生させる。,水は、静水圧の高い供給源領域から静水圧の低い吸収源領域へと移動する。,水分子の凝集力が、水柱に塞栓（気泡）を形成する。,木部の生きた細胞は、水が上昇するための主要な導管となる。,A
真菌類では、細胞壁は次のうちどれによって強化されているか。,キチン,シリカ,リグニン,コラーゲン繊維,A
植物では、プロトンポンプが、糖を葉茎に運び込むプロセスに関与している。このプロセスについて正しいのはどれか。,受動的。,DNAに依存する。,ATPを必要とする。,でんぷんを輸送する。,C
初期更新型の植物群落で予測される特徴はどれか？,共存する種間のニッチ分岐が高い,一次生産量と立木のバイオマスの比率が高い,K-選択種の頻度が高い,高有害バイオマス,B
ショ糖が中葉細胞の光合成部位から葉茎に移動するための共形的な経路は、次のうちどれか？,繊維、葉茎柔組織、伴細胞、ふるい管,葉茎柔組織、繊維、束鞘、気管,伴細胞、葉茎柔組織、繊維、ふるい管,束鞘、葉茎柔組織、伴細胞、ふるい管,D
