述語論理への最適な翻訳を選べ。デービッドはクリスに教える。(c: クリス、d: デービッド、Txy: xがyを教える),Tdc,Tcd,Tcc,dTc,A
次の翻訳キーを使用して、与えられた命題の最適な英語の解釈を選択せよ。Ax: xはアパート、Hx: xは家、Lx: xは大きい、Bxy: xはyより大きい (∃x)[(Ax • Lx) • (∃y)(Hy • Bxy)],大きな家の中には、アパートよりも大きいものもある。,すべての大きなアパートより大きな家もある。,大きなアパートの中には、家よりも大きいものもある。,家には、大きなアパートよりも大きいものもある。,C
"次の引数について完全な真理値表を作成せよ。次に、真理値表を用いて、その引数が有効か無効かを判断せよ。引数が無効な場合は、反例を示す選択肢を選べ。(他にも反例がある可能性がある。）
~G⊃H
~H/G",有効,無効。GとHが真の場合の反例,無効。Gが真でHが偽の場合の反例,無効。Hが真でGが偽の場合の反例,A
"次のキーを使って、与えられたPLの公式を自然な英文に翻訳せよ。
A: マリナはパーシー・ジャクソンの本を読む。
B: イジーはマインクラフトをする。
C: エミリーは仕事をやめる。
D:ラッセルは夕食を作る。
E: アシュリーが立ち寄る。
(~B • E) ⊃ D",イジーがマインクラフトをすることもアシュリーが立ち寄ることもない場合、ラッセルが夕食を作る。,もしイジーがマインクラフトをし、アシュリーが立ち寄るという両方の事実がなければ、ラッセルは夕食を作る。,イジーがマインクラフトをしていて、アシュリーが立ち寄った場合、ラッセルが夕食を作ることになる。,ラッセルが夕食を作ることは、イジーがマインクラフトをせず、アシュリーが立ち寄ることの十分条件である。,B
与えられた命題の英文解釈として最も適切なものを、以下の翻訳キーを使用して選択せよ。Ax: xはアパート、Hx: xは家、Lx: xは大きい、Bxy: xはyより大きい (∃x)[Hx • (∀y)(Ay ⊃ Bxy)],すべてのアパートより小さい家もある。,どの家もどのアパートより大きい。,すべての家より小さいアパートもある。,いくつかの家はすべてのアパートより大きい。,D
"次の引数について完全な真理値表を作れ。次に、真理値表を用いて、その引数が有効か無効かを判定せよ。引数が無効な場合は、反例を示す選択肢を選べ。（他にも反例のある可能性がある。）
~(K ≡ L / (K · L) ∨ (K · ~L)",有効,無効。KとLが真の場合の反例,無効。Kが真でLが偽の場合の反例,無効。Lが真でKが偽の場合の反例,D
次の条件付き命題の前件部を識別せよ。大学が財政援助を増やさない場合、学長がそれを承認しないか、理事会がそれを阻止するかのいずれかである。,大学が財政援助を増やす。,大学が財政援助を増額しない。,理事会がそれを阻止する。,学長が承認しない。,B
"次の命題のうち、与えられた前提のPLにおける直接の（一段階の）結果はどれか?
~E ⊃ ~F
G ⊃ F
H ∨ ~E
H ⊃ I
~I",E ⊃ F,F ⊃ G,H ⊃ ~E,~H,D
"次の文の最も良い記号化は、与えられたPLの式のどれか?
誰もがレイモンドを愛しているかどうか。",L,~L,L • ~L,L ∨ ~L,D
述語論理への最適な翻訳を選べ。すべての王はすべての貧民より幸運である。(Kx: xは王、Px: xは貧民、Lxy: xはyより幸運）,(∀x)[Kx ⊃ (∀y)(Py ⊃ Lxy)],(∀x)[Kx ⊃ (∀y)(Lxy ⊃ Py)],(∀x)(∀y)[(Kx • Py) ⊃ Lyx],(∀x)[(Kx • (∀y)(Py)) ⊃ Lxy],A
"次の命題の組について、完全な真理値表を作成せよ。次に、真理値表を使って、その文が論理的に等価か矛盾かを判断せよ。どちらにも当てはまらない場合、それらが一貫しているか矛盾しているかを判断せよ。答えを正当化せよ。
(~M ⊃ ~N) ∨ (O ≡ N) and (~M · N) · [(~O ∨ ~N) · (O ∨ N)]",論理的に等価,矛盾,論理的に等価でも矛盾でもないが、一貫性がある,矛盾する,B
"次の命題のうち、与えられた前提のPLにおける直接の（一段階の）結果はどれか?   
E ⊃ ~F
~F ⊃ G
~G",E ⊃ F,F ⊃ G,G ⊃ E,~~F,D
"間接真理値表を使って、以下の引数が有効かどうかを判断せよ。引数が無効な場合は、反例を示す選択肢を選べ。（他にも反例がある可能性がある。）
E ⊃ (F ∨ ~G) 
F ⊃ (~E ∨ ~G) / ~(E ≡ F)",有効,無効。 E、F、Gが真の場合の反例,無効。EとFが真でGが偽の場合の反例,無効。 E、F、Gが偽の場合の反例,C
"間接真理値表を使って、以下の引数が有効かどうかを判断せよ。引数が無効である場合、反例を示す選択肢を選べ。（他にも反例がある可能性がある。）
(H ≡ (~I ∨ J) 
H ∨ ~J / ~I",有効,無効。H、I、Jが偽の場合の反例,無効。HとIが真でJが偽の場合の反例,無効。Iが真でHとJが偽の場合の反例,D
述語論理への最適な変換を選べ。消防士の中には、被害者を危険から救う人もいる。(Dx: xは危険、Fx: xは消防士、Vx: xは犠牲者、Rxyz: xはyをzから救出する),(∃x){Fx • (∀y)[Dy ⊃ (∃z)(Vz • Rxyz)]},(∃x){Fx • (∃y)[Vy • (∃z)(Dz • Rxyz)]},(∃x){Fx • (∃y)(∃z)[(Vy • Dz) • Rxzy]},(∀x){Fx ⊃ (∃y)[Vy . (∃z)(Dz • Rxyz)]},B
次の条件付き命題の前件部を識別せよ。ただし、大学は、知事が承認し、理事会が推奨した場合に限り、授業料を引き上げる。,大学が授業料を値上げする。,知事がそれを承認する。,理事会が推奨する。,上記のいずれでもない。,D
述語論理への最適な変換を選択せよ。すべての惑星は木星より小さい。(j: 木星、Px: xは惑星、Sxy: xはyより小さい),(∃x)(Px • Sxj),(∀x)(Px • Sxj),(∀x)(Px ⊃ Sjx),(∀x)(Px ⊃ Sxj),D
述語論理への最適な変換を選択せよ。ホセはウィルマをケビンに紹介する。(j: ホセ、k: ケビン、w: ウィルマ、Ixyz: xがyをzに紹介する),Iwkj,Ijwk,Iwjk,Ijkw,B
述語論理への最適な変換を選択せよ。人工物は人間ではない。,~Pa,(∀x)(Ax ⊃ ~Px),~Ap,(∀x)(Ax • ~Px),B
"次の引数について完全な真理値表を作れ。次に、真理値表を用いて、その引数が有効か無効かを判断せよ。引数が無効な場合は、反例を示す選択肢を選べ。（他にも反例がある可能性はある）
P ⊃ Q
Q · R / ~P · R",有効,無効。P、R、Qが真のときの反例,無効。PとQが真でRが偽の場合の反例,無効。RとQが真でPが偽の場合の反例,B
述語論理への最適な変換を選択せよ。マルコはイタリアからスペインに移動する。(i: イタリア、m: マルコ、s: スペイン、Mxyz: xがzからyに移動する）,Msim,Mmis,Mims,Mmsi,D
与えられた命題の英文解釈として最も適切なものを、次の翻訳キーを使用して選択せよ。Ax: xはアパート、Hx: xは家、Lx: xは大きい、Bxy: xはyより大きい (∀x){Ax ⊃ (∀y)[(Hy • Ly) ⊃ ∼Bxy]},どのアパートも、大きな家ほど大きくはない。,どのアパートもどの大きな家より大きくない。,大きな家はどれも、どこかのアパートより大きくはない。,すべてのアパートより大きい家はない。,B
"次の引数について完全な真理値表を作成せよ。次に、真理値表を用いて、その引数が有効か無効かを判定せよ。引数が無効な場合は、反例を示す選択肢を選べ。（他にも反例がある可能性もある。）
(J ≡ ~K
J ∨ L 
~K / L",有効,無効。JとKが真でLが偽の場合の反例,無効。Jが真でKとLが偽の場合の反例,無効。Kが真でJとLが偽の場合の反例,C
"与えられたPLの式のうち、次の文の記号化として最も適切なものはどれか?
パブロが買い物に行くのは、兄が運転し、ガソリン代を払う場合だけである。",(P ≡ D) ≡ G,(D • G) ⊃ P,P ⊃ (D • G),P ≡ (D • G),D
"間接真理値表を使用して、各命題のセットが一貫しているかどうかを判断せよ。セットが一貫している場合は、一貫した評価を持つオプションを選択する。(他にも一貫した評価がある場合がある。)
D≡E
F∨ D
~E·~F",一貫性がない,一貫性。D、E、およびFが真の場合の一貫した評価,一貫性。DとEが真でFが偽の場合の一貫した評価,一貫性。DとFが真でEが偽の場合の一貫した評価,A
"次の文の記号化として最も適切なのは与えられたPL式のうちどれか?
このレストランではデザートにパイかチーズケーキかアイスクリームを出す。",P ∨ (C ∨ I),(P ∨ C) ∨ I,P ∨ C ∨ I,選択肢AとB,D
"次の文の記号化として最も適切なのは、与えられたPLの公式のうちどれか?
ベスが自転車に乗ると、仕事場に早く着く。",B ⊃ W,W ⊃ B,B ≡ W,AとBの両方,A
述語論理への最適な変換を選択せよ。テイラーかエリックのどちらかラテボーイである。,Lt ∨ Le,Lx ∨ Ly,tL ∨ eL,Tl ⊃ El,A
"間接真理値表を使って、以下の引数が有効かどうかを判断せよ。引数が無効である場合、反例を示す選択肢を選べ。（他にも反例がある可能性もある。）
E ⊃ F
G ⊃ ~F / ~G ∨ ~E",有効,無効。 E、F、Gが真の場合の反例,無効。EとGが真でFが偽の場合の反例,無効。FとGが真でEが偽の場合の反例,A
"間接真理値表を使用して、各命題のセットが一貫しているかどうかを判断せよ。セットが一貫している場合は、一貫した評価を持つオプションを選択する。(他に一貫した評価がある場合もある。)
A ⊃ (~B ∨ C)
C ⊃ D
A ∨ (B · ~D)
A ≡ (B ⊃ D)",一貫性がない,一貫性。AとDが真で、BとCが偽の場合の一貫した評価,一貫性。A、B、およびDが真でCが偽の場合の一貫した評価,一貫性。CとDが真で、AとBが偽の場合の一貫した評価,B
"次の引数について完全な真理値表を作成せよ。次に、真理値表を用いて、その引数が有効か無効かを判定せよ。引数が無効な場合は、反例を示す選択肢を選べ。（他の反例がある可能性もある。）
(M ∨ N 
~M · O / N",有効,無効。MとOが真でNが偽の場合の反例,無効。Mが真でOとNが偽の場合の反例,無効。Oが真でMとNが偽の場合の反例,A
"次の命題のうち、与えられた前提のPLにおける直接の（一段階の）結果はどれか?
U ⊃ W
W ⊃ (X ≡ ~Y)
(X ≡ ~Y) ⊃ Z
~Z",U ⊃ Z,U ∨ W,~W,~(X ≡ ~Y),D
次の条件命題の前件部を識別せよ。ただし、もしハチが初戦に勝たなければ、ツチブタもシマリスも初戦に勝つ。,ツチブタが初戦に勝つ。,ハチが初戦に勝てない。,シマリスが初戦に勝つ。,ツチノコもシマリスも初戦に勝つ。,B
述語論理への最適な変換を選択せよ。ホリーはフランシスを愛している。(f: フランシス、h: ホリー、Lxy: xはyを愛している),hLf,fLh,Lfh,Lhf,D
"間接真理値表を使って、以下の引数が有効かどうかを判断せよ。引数が無効な場合は、反例を示す選択肢を選べ。（他にも反例がある可能性がある。）
P ⊃ (Q ∨ R)
(Q · S) ⊃ ~P 
~(~Q ∨ R) / ~P",有効,無効。 P、Q、R、Sが真の場合の反例,無効。PとQが真でRとSが偽の場合の反例,"無効。P,R,Sが真でQが偽の場合の反例",C
"次の引数について完全な真理値表を作れ。次に、真理値表を用いて、その引数が有効か無効かを判断せよ。引数が無効な場合は、反例を示す選択肢を選べ。（他にも反例がある可能性がある。）
T ∨ U
W · T / U",有効,無効。TとWが真でUが偽の場合の反例,無効。Tが真でWとUが偽の場合の反例,無効。Wが真でTとUが偽の場合の反例,B
次の条件付き命題の前件部を特定せよ。ただし、知事がそれを承認し、理事会がそれを推奨する場合、大学は授業料を値上げする。,大学が授業料を値上げする。,知事がそれを承認する。,理事会がそれを推奨する。,知事がそれを承認し、理事会がそれを推奨する。,D
次の条件命題の前件部を特定せよ。ただし、そのレストランにはエンドウ豆がないので、代わりにトウモロコシとジャガイモを出す。,そのレストランにはエンドウ豆がある。,そのレストランにはエンドウ豆がない。,そのレストランではトウモロコシを出す。,そのレストランではジャガイモを出す。,B
述語論理への最適な変換を選択せよ。すべてのゼリービーンズはすべての果物より甘い。(Fx: xは果物、Jx: xはゼリービーンズ、Sxy: xはyより甘い),(∀x)[Fx ⊃ (∀y)(Jy ⊃ Sxy)],(∀x)(∀y)[(Fx • Jy) • Sxy],(∀x)(∀y)[Sxy ⊃ (Fy • Jx)],(∀x)[Jx ⊃ (∀y)(Fy ⊃ Sxy)],D
次の議論の結論を明らかにせよ。世界は私のイデアであるということは、すべての生物にとって有効な真理であるが、それを熟考できるのは人間だけである。そうすることで、人間は哲学的な知恵を得る。知識のために存在するものはすべて、したがってこの世界は、知覚者の知覚という主体との関係においてのみ客体であるということほど、絶対的に確かな真理はない。世界はイデアである。(アーサー・ショーペンハウアー『意志とイデアとしての世界』）,世界はイデアである。,世界は私のイデアであるということは、すべての生物にとって妥当な真理であるが、それを熟考できるのは人間だけである。,そうすることによって、彼は哲学的な知恵を得る。,知識のために存在するすべてのものほど絶対的に確実な真実はなく、したがって、この世界は、主体、知覚者の知覚に関して唯一の対象である。,A
述語論理への最適な変換を選択せよ。レオはキャシーより背が高い。(c: キャシー、l: レオ、Txy: xはyより背が高い),Tlc,Tcl,lTc,cTl,A
"次の命題の組について完全な真理値表を作成せよ。次に、真理値表を使用して、ステートメントが論理的に等価であるか矛盾しているかを判断せよ。どちらでもない場合は、それらが一貫しているか一貫性がないかを判断せよ。回答を正当化せよ。
C ⊃ (D ∨ C)およびC · ~D",論理的に等価,矛盾,論理的に等価でも矛盾でもないが、一貫性がある,一貫性がない,C
"次の命題の組について、完全な真理値表を作成せよ。次に、真理値表を使って、その文が論理的に等価か矛盾かを判断せよ。どちらにも当てはまらない場合、それらが一貫しているか矛盾しているかを判断せよ。答えを正当化せよ。
~O ⊃ P およびO ∨ P",論理的に等価,矛盾,論理的に等価でも矛盾でもないが、一貫性がある,一貫性がない,A
"間接真理値表を使って、以下の引数が有効かどうかを判断せよ。引数が無効な場合は、反例を示す選択肢を選べ。（他にも反例がある可能性がある。）
(T · ~U) ⊃ ~W
~W ⊃ X
~Z ⊃ W
~(X · Z) / T ⊃ U",有効,無効。 T、X、Zが真でUとWが偽の場合の反例,無効。TとXが真でUとWとZが偽の場合の反例,無効。T、W、Zが真でUとXが偽の場合の反例,A
述語論理への最適な変換を選択せよ。マリアが問題か少女である場合に限り、セシリアは私の心を傷つける。,Bc ≡ (Pm ∨ Gm),Bc ≡ (Pm • Gm),Bc ⊃ (Pm ∨ Gm),Cb ⊃ (Pm • Gm),A
述語論理への最適な変換を選択せよ。デリラがニューヨーク市にいる場合、フアナはボゴタに、レイラはサンファンにいる。,Nd ⊃ (Bj • Sl),Dn ≡ (Bx • Ly),Nd ≡ (Bj • Sl),Nd ⊃ (Bj ∨ Sl),D
"次のキーを使用して、与えられたPLの式を自然な英語の文に翻訳せよ。
A:マリーナはパーシー・ジャクソンの本を読む。
B:イジーはマインクラフトをする。
C:エミリーは仕事をやめる。
D:ラッセルは夕食を作る。
E:アシュリーが立ち寄る。
~(A ⊃ B) • (B ⊃ ~E)",マリーナがパーシー・ジャクソンの本を読んでいるからといって、イジーがマインクラフトをプレイしているわけではないが、イジーがマインクラフトをプレイしていることは、アシュレーが立ち寄らないことを意味する。,マリーナがパーシー・ジャクソンの本を読まなければ、イジーはマインクラフトをプレイすることになり、それはアシュリーが立ち寄らないことを意味する。,マリーナがパーシー・ジャクソンの本を読んでいるからといって、イジーがマインクラフトをプレイしているわけではないが、アシュレーが立ち寄らなければ、イジーはマインクラフトをプレイしている。,イジーがマインクラフトをプレイしているときだけマリーナがパーシー・ジャクソンの本を読むのは事実ではないが、イジーがマインクラフトをプレイするのはアシュリーが立ち寄るときだけだ。,A
"間接真理値表を使用して、次の引数が有効かどうかを判断せよ。引数が無効な場合は、反例を示すオプションを選択せよ。(他の反例もある場合がある。)
(A ∨ B) ⊃ C
C ⊃ ~D / D ⊃ A",有効,無効。B、C、およびDが真でAが偽の場合の反例,無効。BとDが真で、AとCが偽の場合の反例,無効。A、B、およびCが偽で、Dが真の場合の反例,D
"述語論理で指定された引数の最適な英語解釈を選択せよ。
Dh ⊃ ~Pt
(∀x)Px ∨ (∀x)Mx
~Mb / ~Dh",私の頭痛が二元論的状態であるならば、あなたのくすぐったさは身体的状態である。すべてが肉体的であるか、すべてが精神的であるかのどちらかである。しかし、私の足の指の骨折は精神状態ではない。だから私の頭痛は二元論的状態ではない。,もし私の頭痛が二元論的な状態なら、あなたのくすぐったさは肉体的な状態ではない。すべてが肉体的であるか、すべてが精神的であるかのどちらかである。しかし、私の足の指の骨折は精神状態ではない。だから私の頭痛は二元論的状態ではない。,もし私の頭痛が二元論的な状態なら、あなたのくすぐったさは肉体的な状態ではない。すべてが肉体的であるならば、すべてが精神的である。しかし、私の足の指の骨折は精神状態ではない。だから私の頭痛は二元論的状態ではない。,もし私の頭痛が二元論的な状態なら、あなたのくすぐったさは肉体的な状態ではない。すべては肉体的か精神的かのどちらかである。しかし、私の足の指の骨折は精神状態ではない。だから私の頭痛は二元論的状態ではない。,B
"次の命題のうち、与えられた前提のPLにおける直接の（一段階の）結果はどれか?
A ⊃ (B • C)
~(B • C)
A ∨ (D ∨ B) ",A,~A,B,~B,B
"次の命題のうち、与えられた前提のPLにおける直接（一段階）の結果はどれか?
(N ⊃ ~O) ⊃ (O ∨ Q)
P ⊃ (N ⊃ ~O)
N ⊃ P",P,N ⊃ ~O,O ∨ Q,~P,A
述語論理への最適な変換を選択せよ。地球は木星より大きくない。(e: 地球、j: 木星、Bxy: xはyより大きい),~Bje,Bej,Bje~,~Bej,D
次の条件命題の前件部を識別せよ。ハチが初戦に勝つためには、ツチブタまたはシマリスが初戦に勝たないことが必要である。,ツチブタは初戦に勝てない。,ハチは初戦に勝つ。,シマリスは初戦に勝てない。,ツチブタとシマリスのどちらかが初戦に勝てない。,D
以下の条件命題の前件部を識別せよ。ただし、ツチブタとシマリスのどちらかが初戦に勝てない場合にのみ、ハチが初戦に勝つ。,ツチブタは初戦に勝てない。,ビーズは初戦に勝つ。,シマリスは初戦に勝てない。,ツチノコもシマリスも初戦に勝てない。,B
述語論理への最適な変換を選択せよ。怪我をしないスポーツ選手もいる。,~Ia,(∃x)(Ax • ~Ix),~Ai,(∃x)(Ix ∨ ~Ax),B
"次の命題の組について、完全な真理値表を作成せよ。次に、真理値表を使って、その文が論理的に等価か矛盾かを判断せよ。どちらにも当てはまらない場合、それらが一貫しているか矛盾しているかを判断せよ。答えを正当化せよ。
I ≡ ~H と ~(~I ≡ H)",論理的に等価,矛盾,論理的に等価でも矛盾でもないが、一貫性がある,一貫性がない,B
"間接真理値表を使って、各命題のセットが一貫しているかどうかを判断する。そのセットが一貫している場合は、一貫した評価を持つ選択肢を選べ。（他にも一貫した評価がある可能性もある。）
(T ⊃ U) ⊃ (W ⊃ U)
T ⊃ ~(U ⊃ X)
(T ⊃ ~X) ⊃ W",一貫性がない,一貫性。U、W、Xが真で、Tが偽の場合の一貫した評価,一貫性。 WとXが真でTとUが偽の場合の一貫した評価,一貫性。 TとUが真でWとXが偽の場合の一貫した評価,B
述語論理への最適な変換を選択せよ。ジャネットがブラッドと婚約している場合に限り、キャロラインは優しい。,Cs ⊃ Ej,Sc ≡ Ej,sC ≡ eJ,Sx ≡ Jy,B
"与えられたPLの式のうち、次の文の記号化として最も適切なものはどれか?
イギリスが牛肉を輸入することは、フランスが農業に補助金を出すための十分条件であるか、あるいは、南アフリカがダイヤモンドを供給するときに限り、中国は人権を推進しない。",(E ⊃ F) ∨ (~C ⊃ S),(F ⊃ E) ∨ (S ⊃ ~C,(E ⊃ F) ∨ ~(S ≡ C),(E ⊃ F) ∨ (~C ≡ S),D
"次のキーを使用して、与えられたPLの式を自然な英語の文に変換せよ。
A:マリーナはパーシー・ジャクソンの本を読む。
B:イジーはマインクラフトをする。
C:エミリーは仕事をやめる。
D:ラッセルは夕食を作る。
E:アシュリーは立ち寄る。
(~A ∨ ~B) ⊃ C",マリーナがパーシー・ジャクソンの本を読まず、イジーがマインクラフトをプレイしなければ、エミリーは仕事をやめる。,マリーナがパーシー・ジャクソンの本を読み、イジーがマインクラフトをプレイししているのが事実でない場合、エミリーは仕事をやめる。,マリーナがパーシー・ジャクソンの本を読んでいないか、イジーがマインクラフトをプレイしていないかのどちらかで、エミリーは仕事をやめることになる。,エミリーが仕事をやめることは、マリーナがパーシー・ジャクソンの本を読まないか、イジーがマインクラフトをプレイしないための十分な条件である。,C
次の議論の結論を特定せよ。述語変数を使用するものがある。これらの変数の値は属性である。述語は、参照する属性があるかどうかにかかわらず、すべての文で必要とされる。ダミー述語「F」は、一般的に説明のために必要とされる。属性を定量化して参照する場合、認識可能な変数と特徴的な名前を目的に使用し、これらを述語と混同しないようにすることで、明確さが提供される。(クワイン、論理哲学),述語変数を使用するものもある。これらの変数の値は属性である。,述語は、参照する属性があるかどうかに関係なく、すべての文で必要とされる。,ダミー述語「F」は、一般に説明のために必要である。,属性を定量化して参照する場合は、認識可能な変数と特徴的な名前を目的に使用し、これらを述部と混同しないようにすることで、明確さが提供される。,D
"次のキーを使って、与えられたPLの公式を自然な英文に翻訳せよ。
A: マリナはパーシー・ジャクソンの本を読む。
B: イジーはマインクラフトをする。
C: エミリーは仕事をやめる。
D: ラッセルは夕食を作る。
E: アシュリーが立ち寄る。
~C ∨ D",エミリーが仕事をやめなければ、ラッセルは夕食を作る。,ラッセルが夕食を作らない限り、エミリーは仕事をやめる。,ラッセルが夕食を作らない限り、エミリーは仕事をやめる。,ラッセルが夕食を作らない限り、エミリーは仕事を止めない。,D
述語論理への最適な変換を選択せよ。アブドゥルとクレオパトラはエジプト人である。,Ea • Ec,Ea • c,Ae ∨ Ce,Ex • Ey,A
述語論理への最適な変換を選択せよ。シーナはパンクロッカーである。,Sx,xS,sP,Ps,D
述語論理への最適な変換を選択せよ。ケビンはウィルマにホセを紹介された。(j: ホセ、k: ケビン、w: ウィルマ、Ixyz: xがyをzに紹介する),Iwjk,Ijkw,Ikjw,Iwkj,D
述語論理への最適な変換を選択せよ。アイリーンがバイオリンを弾くなら、シェリーは歌う。,Fe ∨ Ss,eF ⊃ Ss,Fe ∨ Es,Fe ⊃ Ss,D
"次の引数について完全な真理値表を作成せよ。次に、真理値表を用いて、その引数が有効か無効かを判断せよ。引数が無効な場合は、反例を示す選択肢を選べ。（他にも反例がある可能性もある。）
~C ⊃ D
D ⊃ C / C",有効,無効。CとDが真のときの反例,無効。Cが真でDが偽の場合の反例,無効。Dが真でCが偽の場合の反例,A
述語論理への最適な変換を選択せよ。アオサギの中には、渡りをするものもいる。,(∀x)[(Hx • Bx) • Mx],(∃x)[(Hx • Bx) ⊃ Mx],(∀x)[(Hx • Bx) ⊃ Mx],(∃x)[(Hx • Bx) • Mx],D
"述語論理で与えられた引数の最適な英語解釈を選択せよ。
(∃x)(Cx • Ox)
(∀x)[(~Cx ⊃ ~Bx) ⊃ ~Og] / ~Og",クッキーにはオートミールが入っているものもある。クッキーではないものが、チョコレートチップが入っていないことを意味するなら、このクッキーにはオートミールが入っていない。だから、このクッキーにはオートミールが入っていない。,クッキーにはオートミールが入っているものもある。クッキーではなく、チョコレートチップが入っていないものは、オートミールが入っていない。だから、このクッキーにはオートミールが入っていない。,クッキーにはオートミールが入っているものもある。オートミールが入っていないものは、クッキーではなく、チョコレートチップも入っていない。だから、このクッキーにはオートミールが入っていない。,クッキーにはオートミールが入っているものもある。チョコレートチップが入っていないものがクッキーでないことを意味する場合、それはオートミールが入っていない。だから、このクッキーにはオートミールが入っていない。,A
次の議論の結論を明らかにせよ。心理学はすべて道徳的な偏見と恐怖にとらわれてきた。だれもそれを権力への意志ーの発展として理解するには至っていない。しかし、憎しみ、嫉妬、貪欲、支配欲の影響を生活の条件とみなし、さらには一般的な生活経済に不可欠な要素とみなすようになれば、人は船酔いし始めるだろう。この時点で、人は自分自身を失い始め、道徳に向かって航海するようになる。こうして、心理学は再び根本的な問題への道となる。(フリードリヒ・ニーチェ、善と悪を超えて),心理学はすべて、道徳的な偏見や恐怖にとらわれている。,誰もそれを権力への意志の発展として理解するには至っていない。,人が、憎しみ、嫉妬、貪欲、支配欲の影響を生活の条件とみなし、さらに、生活の一般的な経済に不可欠な要素とみなし始めると、船酔いし始めるだろう。,心理学は再び根本的な問題への道となる。,D
"間接真理値表を使って、各命題のセットが一貫しているかどうかを判断せよ。そのセットが一貫している場合、一貫した評価を持つ選択肢を選べ。（他にも一貫した評価がある可能性もある。）
~N ≡ (O · P)
~O ⊃ Q
N · ~Q",一貫性がない,一貫性。N、O、Pが真でQが偽の場合の一貫した評価,一貫性。N と O が真で、P と Q が偽の場合の一貫した評価,一貫性。NとPが真でOとQが偽の場合の一貫した評価,C
"次の文の記号化として最も適切なPL公式はどれか?
ある人が今年中に生まれたか亡くなったかし、その人が生きている間ずっとあなたの家がその人の家であった場合、その人は今年中ずっとあなたと一緒に住んでいたとみなされる。",[(B ∨ D) • H] ⊃ L,[L ⊃ (B ∨ D)] • H,L ⊃ [(B ∨ D) • H],(B ∨ D • H) ⊃ L,A
"次の引数について完全な真理値表を作成せよ。次に、真理値表を用いて、その引数が有効か無効かを判断せよ。引数が無効な場合は、反例を示す選択肢を選べ。（他にも反例がある可能性もある。）
(O ≡ P) ∨ P / P ∨ ~O",有効,無効。OとPが真のときの反例,無効。Oが真でPが偽の場合の反例,無効。Pが真でOが偽の場合の反例,A
述語論理への最適な変換を選択せよ。リロイが悪いのは、DJキャレドが彼の名前を叫んだ場合だけである。,Sk ≡ Bl,Bl ≡ Sk,Bx ⊃ Sy,Bl ⊃ Sk,D
"次の文の記号化として最も適切なPL公式はどれか?
ジョージとハリーのどちらかが入学する場合、アイラは入学しない。",(G ⊃ H) ∨ I,(G ∨ H) ⊃ I,(G ⊃ H) ∨ ~I,(G ∨ H) ⊃ ~I,D
述語論理への最適な変換を選択せよ。ジャクソンさんは私に砂糖を貸してくれたが、ジャネットもラトーヤも貸してくれなかった。,Lm ∨ ~(Jl ∨ Ll),Lm • ~(Lj • Ll),Lm • ~(Lj ∨ Ll),Lm ∨ ~(Lj • Ll),C
述語論理への最適な変換を選択せよ。動物の中には残酷な人々に無視されるものもいる。(Ax: xは動物、Cx: xは残酷、Px: xは人、Nxy: xはyを無視する),(∃x)[(Ax • Cx) • (∃y)(Py • Nyx)],(∃x)[(Cx • Px) • (∃y)(Ay • Nxy)],(∃x)[(Ax • Px) • (∃y)(Cy • Nxy)],(∃x)(∃y){[(Ax • Cy) • Py] • Nxy)]},B
"間接真理値表を使用して、各命題のセットが一貫しているかどうかを判断せよ。セットが一貫している場合は、一貫した評価を持つオプションを選択せよ。(他に一貫した評価がある可能性もある。)
(E ⊃ F) ⊃ G
(~E ∨ F) ≡ (H ∨ I)
I ⊃ (J ⊃ ~H)
~G ⊃ ~J",一貫性がない,一貫性。Eが真で、F、G、H、I、およびJが偽の場合の一貫した評価,一貫性。EとHが真で、F、G、I、Jが偽の場合の一貫した評価,一貫性。EとIが真で、F、G、H、Jが偽の場合の一貫した評価,B
述語論理への最適な変換を選択せよ。学生の中にはよく働く生徒もいる。,(∃x)(Wx ∨ Sx),(∃x)(Sx ∨ Wx),(∃x)(Sx • Wx),(∃x)(Sx ⊃ Wx),C
"与えられたPL公式のうち、次の文の記号化として最も適切なものはどれか?
イギリスが牛肉を輸入することは、フランスが農業に補助金を出すための必要条件ではないし、南アフリカがダイヤモンドを供給すれば中国は人権を促進する。",(~F ⊃ E) ∨ (C ≡ ~S),(~E ⊃ F) ∨ (C ⊃ S),(~F ⊃ E) ∨ (C ≡ S),~(F ⊃ E) ∨ (S ⊃ C),D
"次の引数の完全な真理値表を作成せよ。次に、真理値表を使用して、引数が有効かどうかを判断せよ。引数が無効な場合は、反例を示すオプションを選択せよ(他の反例もある可能性がある)。
~A·~B
(A∨C)∨B/C",有効,無効。AとBが真でCが偽の場合の反例,無効。Aが真で、BとCが偽の場合の反例,無効。Bが真で、AとCが偽の場合の反例,A
述語論理への最適な変換を選択せよ。すべての鳥はあるどこかの巣に住んでいる。(Bx: xは鳥、Nx: xは巣、Lxy: xはyに住んでいる),(∀x)(∀y)[(Bx • Ny) ⊃ Lxy],(∀x)[Bx ⊃ (∃y)(Ny • Lxy)],(∀x)[(∃y)(Ny • Bx) ⊃ Lxy],(∀x)(∃y)[(Bx • Ny) ⊃ Lxy],B
次の議論の結論を明らかにせよ。功利主義的な理論は、効用モンスターの可能性に困惑している。効用モンスターは、他の人の犠牲によって失われる効用よりも、莫大な効用の利益を得る。他の多くの人の犠牲よりも、効用モンスターの利益の方が大きい。この理論では、全体的な効用を高めるために、私たち全員がモンスターの胃の中で犠牲になることが必要なようである(ロバート・ノージック、『アナーキー、国家、ユートピア』)。,功利主義的な理論は、効用モンスターの可能性に困惑している。,効用モンスターは、効用から莫大な利益を得る。,効用モンスターは、他者の犠牲によって失われた効用よりも、より大きな効用の利益を得る。,たとえ多数の他の人々の犠牲であっても、ユーティリティモンスターの利益はそれを上回る。,A
"次のキーを使用して、与えられたPLの式を自然な英語の文に翻訳せよ。
A:マリーナはパーシー・ジャクソンの本を読む。
B:イジーはマインクラフトをプレイする。
C:エミリーは仕事をやめる。
D:ラッセルは夕食を作る。
E:アシュリーは立ち寄る。
(A ∨ ~E)≡(D•~B)",パーシー・ジャクソンの本を読むマリーナか、立ち寄らないアシュリーかのどちらかが、夕食を作るラッセルの必要条件であり、マインクラフトをプレイしないイジーの必要条件である。,パーシー・ジャクソンの本を読んでいるマリーナか、立ち寄らないアシュリーのどちらかが、ラッセルが夕食を作り、イジーがマインクラフトをプレイするための必要十分条件である。,もし、ラッセルが夕食を作り、イジーがマインクラフトをプレイしない場合に限り、アシュリーが立ち寄らなければ、マリーナはパーシー・ジャクソンの本を読む。,マリーナがパーシー・ジャクソンの本を読むか、あるいは、ラッセルが夕食を作りイジーがマインクラフトをプレイしない場合に備えて、アシュリーが立ち寄らないかのどちらかである。,D
"次の文の記号化として最も適切なのは、与えられたPLの公式のうちどれか?
ブリタニーは魚とトカゲが好きだが、猫は嫌いだ。",F • L • ~C,(F • L) • ~C,(F • L) ∨ ~C,C • (F • L),B
"次の文の記号化として最も適切なものは与えられたPL公式のうちどれか?
ハリーが入学するか、ジョージが入学しない場合、ジムが入学する。",H ∨ (~G ⊃ J),~(H ∨ G) ⊃ J,(H ∨ ~G) ⊃ J,(H ⊃ ~G) ∨ J,C
"次の引数について完全な真理値表を作成せよ。次に、真理値表を用いて、その引数が有効か無効かを判断せよ。引数が無効な場合は、反例を示す選択肢を選べ。（他にも反例がある可能性がある。）
~X ⊃ Y
Y ⊃ Z
~Z / ~X",有効,無効。 X、Y、Zが真の場合の反例,無効。YとZが真でZが偽の場合の反例,無効。Xが真でYとZが偽の場合の反例,D
S 述語論理への最適な変換を選択せよ。絶滅危惧種を助ける親切な人々がいる。(Ex: xは絶滅危惧種、Kx: xは親切、Px: xは人、Sx: xは種、Hxy: xはyを助ける）,(∃x){(Kx • Px) • (∃y)[(Ey • Sy) • Hxy]},(∃x)(∃y){[(Kx • Sx) • (Ey • Py)] • Hxy},(∃x)(∃y){[(Kx • Sx) • (Ey • Py)] • Hyx},(∃x)(∃y){[(Kx • Px) • (Ey • Sy)] ⊃ Hxy},A
与えられた命題の英文解釈として最も適切なものを、以下の翻訳キーを使用して選択せよ。Ax: xはアパート、Hx: x は家、Lx: xは大きい、Bxy: xはyより大きい (∀x)[Ax ⊃ (∃y)(Hy • Bxy)],すべてのアパートはある家より大きい。,すべての家はすべてのアパートより大きい。,どの家もどこかのアパートより大きい。,ある家はすべてのアパートより大きい。,A
"次の引数について完全な真理値表を作成せよ。次に、真理値表を用いて、その引数が有効か無効かを判断せよ。引数が無効な場合は、反例を示す選択肢を選べ。（他の反例がある可能性もある。）
Q ≡ R 
~(S ∨ Q) / R",有効,無効。QとSが真でRが偽の場合の反例,無効。Qが真でSとRが偽の場合の反例,無効。Q、S、Rが偽の場合の反例,D
次の条件付き命題の前件部を特定せよ。大学が授業料を値上げするのは、知事がそれを承認し、理事会がそれを推奨する場合のみである。,大学が授業料を値上げする。,知事がそれを承認する。,理事会がそれを推奨する。,知事がそれを承認し、理事会が推奨する。,A
"次の命題のうち、与えられた前提のPLにおける直接の（一段階）の結果はどれか?
(A ∨ B) ⊃ (C ∨ D)
A ∨ B
~C",~A ∨ ~B,~~C,C ∨ D,(A ∨ B) ⊃ D,C
次の条件命題の前件部を特定せよ。大学が授業料を値上げする場合、知事がそれを承認するか、理事会がそれを阻止しないかのどちらかである。,大学が授業料を値上げする。,知事がそれを承認する。,理事会がそれを阻止する。,理事会はそれを妨げない。,A
述語論理への最適な変換を選択せよ。マルコはスペインからイタリアに移動しない。(i: イタリア、m: マルコ、s: スペイン、Mxyz: xはzからyに移動する),~Mmsi,M~mis,~Mmis,M~msi,C
"次の引数について完全な真理値表を作成せよ。次に、真理値表を用いて、その引数が有効か無効かを判断せよ。引数が無効な場合は、反例を示す選択肢を選べ。（他に反例がある可能性もある。）
~S ∨ T
~S · U
~T ∨ U / T · U",有効,無効。S、T、Uが真の場合の反例,無効。SとUが真でTが偽の場合の反例,無効。Uが真でSとTが偽の場合の反例,D
"次の文の記号として最も適しているのは、与えられたPLの式のどれか?
患者が失礼でない限り、医者は助けになる。",H ≡ R,H • R,H ∨ ~R,H ∨ R,D
"間接真理値表を使って、以下の引数が有効かどうかを判断しなさい。引数が無効な場合は、反例を示す選択肢を選べ。（他に反例がある場合もある。）
L ⊃ [(M ∨ ~N) ⊃ O]
(N ⊃ O) ⊃ (~P ⊃ Q)
R ⊃ ~Q / L ⊃ (R ⊃ P)",有効,無効。 L、M、O、Q、Rが真でNとPが偽の場合の反例,"無効。L,N,O,Q,Rが真でM,Pが偽の場合の反例",無効。L、N、Rが真で、M、O、P、Qが偽の場合の反例,D
以下の議論の結論を明らかにせよ。用語の意味は、その参照を決定すると考えられている。しかし、参照先は思考の違いなしに変化しうる。だから、用語の感覚は思考の変化なしに変化しうるはずである。つまり、私たちの思考が用語の意味を決定するのではなく、意味は頭の中にあるのではない。(ヒラリー・パットナム）,用語の意味はその参照を決定すると考えられている。,しかし、思考に違いがなくても、参照先は変化しうる。,参照は思考の違いなしに変化しうる。,私たちの考えは、私たちの用語の意味を決定するものではない。意味は頭の中にはない。,D
"次の命題の組について、完全な真理値表を作成せよ。次に、真理値表を使って、その文が論理的に等価か矛盾かを判断せよ。どちらにも当てはまらない場合、それらが一貫しているか矛盾しているかを判断せよ。答えを正当化せよ。
(G ∨ ~H) ⊃ G かつ ~G ≡ (~H · G)",論理的に等価,矛盾する,論理的に等価でも矛盾でもないが、一貫している,一貫性がない,C
"与えられたPL公式のうち、次の文の記号化として最も適切なものはどれか?
イギリスが牛肉を輸入することはフランスが農業に補助金を出すための必要条件であるか、中国が人権を促進することは南アフリカがダイヤモンドを供給するための十分条件ではない。",(E ≡ F) ∨ ~(C ≡ S),(E ≡ F) ∨ (~C ⊃ S),(E ⊃ F) ∨ ~(C ⊃ S),(F ⊃ E) ∨ ~(C ⊃ S),D
"述語論理で与えられた引数の英文解釈として最も適切なものを選べ。
Wn ∨ Wm
(∀x)[Lx ⊃ (Dx ⊃ ~Wx)]
Ln • Dn / ~(∀x)~Wx",ナンシーかマービンのどちらかは仕事中である。すべての弁護士は夕食に出かけていれば仕事中ではない。ナンシーは弁護士であり、夕食に出かけている。だからすべてが仕事中ではない。,ナンシーかマービンのどちらかが仕事中である。すべての弁護士は仕事中でなければ夕食に出かけている。ナンシーは弁護士で外食している。だから、すべてが仕事中でないわけではない。,ナンシーかマービンのどちらかが仕事中。すべての弁護士は仕事中でなければ夕食に出かけている。ナンシーは弁護士で外食している。だから、すべてが仕事中ではない。,ナンシーかマービンのどちらかが仕事中である。すべての弁護士は夕食に出かけていれば仕事中ではない。ナンシーは弁護士で外食している。だからすべてが仕事中ではない。,A
次の議論の結論を明らかにせよ。結論の指標を削除することを忘れないこと。社会が殺人者を殺すのは間違っている。これは、もし殺人者が被害者を殺すのが間違っているならば、社会が殺人者を殺すのも間違っているという理由から導かれる。そして、殺人者が被害者を殺すことは間違っている。,社会が殺人者を殺すのは間違っている。,これは、もし殺人者が被害者を殺すのが間違っているなら、社会が殺人者を殺すのも間違っているという理由からである。,もし殺人者が被害者を殺すのが間違っているなら、社会が殺人者を殺すのも間違っている。,そして殺人者が被害者を殺すのは間違っている。,A
"次の命題のうち、与えられた前提のPLにおける直接的な（一段階の）結果でないものはどれか?
I ⊃ (J ≡ K)
(J ≡ K) ⊃ (L ∨ M)
I ⊃ ~L",~L,J ≡ K,I ⊃ (L ∨ M),~L ⊃ (J ≡ K),D
"次の引数について完全な真理値表を作成せよ。次に、真理値表を用いて、その引数が有効か無効かを判断せよ。引数が無効な場合は、反例を示す選択肢を選べ。（他に反例がある可能性もある。）
I ≡ ~J
I ∨ J / I",有効,無効。IとJが真の場合の反例,無効。Iが真でJが偽の場合の反例,無効。Jが真でIが偽の場合の反例,D
述語論理への最適な変換を選択せよ。幸運な人もいる。,(∃x)(Fx • Lx),Fl,Lf,(∀x)(Fx • Lx),A
述語論理への最もよい変換を選択せよ。アレックスはベンに迎えられる。（a: アレックス、b: ベン、Gxy: x はyを迎える),Gab,~Gba,aGb,Gba,D
述語論理への最適な変換を選択せよ。すべてのロブスターが赤いわけではない。,~(∀x)(Lx ⊃ Rx),~(∃x)(Lx ⊃ Rx),~(∃x)(Lx • Rx),~(∀x)(Lx • Rx),A
"間接真理値表を使って、以下の引数が有効かどうかを判断せよ。引数が無効な場合は、反例を示す選択肢を選べ。（他の反例もある可能性がある。）
H ≡ (I · ~J)
K ≡ ~H
~(K ⊃ J) / I ≡ J",有効,無効。I、H、Kが真でJが偽の場合の反例,無効。IとHが真でJとKが偽の場合の反例,"無効。Kが真でI,H,Jが偽の場合の反例",A
"次の命題の組について、完全な真理値表を作成せよ。次に、真理値表を使って、その文が論理的に等価か矛盾かを判断せよ。どちらにも当てはまらない場合、それらが一貫しているか矛盾しているかを判断せよ。答えを正当化しなさい。
~(J∨K)·Lと(L⊃J)·K",論理的に等価,矛盾,論理的に等価でも矛盾でもないが、一貫性がある,一貫性がない,D
述語論理への最適な変換を選択せよ。1年生は全員水泳のテストを受ける。,(∀x)(Sx ⊃ Fx),(∀x)(Fx ⊃ Sx),(∀x)(Fx ∨ Sx),(∀x)(Fx ≡ Sx),B
述語論理への最適な変換を選択せよ。ジョニーは遅れてきた。,jL,Lj,Cj ∨ Lj,Lx,B
述語論理への最適な変換を選択せよ。専攻のない上級卒業生はいない。,(∀x)(Sx ⊃ ~Gx),~(∀x)(Sx ⊃ Gx),(∀x)( ~Sx ⊃ ~Gx),(∀x) ~(Sx ⊃ ~Gx),A
次の議論の結論を明らかにせよ。歴史的な観点から、遺伝学は若い科学である。遺伝形質を支配する原理が記述されてから150年もたっていない。さらに20世紀に入る頃、遺伝の法則が再発見された。しかし、それでもDNAの重要性が本当に理解されたのは1950年代になってからである。,しかし、それでもDNAの重要性は1950年代まで実際に理解されていなかった。,DNAの重要性が本当に理解されたのは1950年代になってからである。,歴史的に見て、遺伝学は若い科学である。,遺伝形質を支配する原理は、150年も前には説明されていなかった。,C
"次の文の記号化として最も適切なのは、与えられたPLの公式のうちどれか?
イギリスが牛肉を輸入することはフランスが農業に補助金を出すための必要条件であるか、南アフリカがダイヤモンドを供給しないことを考え、中国は人権を推進するかのどちらか。",(E ⊃ F) ∨ (C ≡ ~S),(F ⊃ E) ∨ (~S ≡ C),(E ⊃ F) ∨ (S ⊃~C),(F ⊃ E) ∨ (~S ⊃ C),D
"次の文の記号化として最も適切なものは与えられたPL公式のうちどれか?
イギリスが牛肉を輸入することはフランスが農業に補助金を出すための十分条件であり、中国が人権を推進することは南アフリカがダイヤモンドを供給するための必要条件である。",(E ⊃ F) ∨ (S ⊃ C),(F ⊃ E) ∨ (C ⊃ S),(E ⊃ F) ∨ (C ⊃ S),(F ⊃ E) ∨ (S ⊃ C),A
"次の文の記号化として最も適切なのは、与えられたPLの公式のうちどれか?
ディランは数学も科学も好きではない。",M ∨ S,~(M • S),~(M ∨ S),~M ∨ ~S,C
述語論理への最適な変換を選択せよ。すべてのロボットは人工物である。,(∀x)(Ax ∨ Rx),(∀x)(Ax • Rx),(∀x)(Rx ⊃ Ax),(∀x)(Rx • Ax),C
"次の文の記号化として最も適切なのは、与えられたPL式のうちどれか?
大学が授業料を値上げしたので、学長はそれを承認し、理事会はそれを阻止しなかった。",(P • ~B) ⊃ U,(U ⊃ P) • B,U ⊃ (P • ~B),U ⊃ (P ∨ ~B),C
以下の議論の結論を明らかにせよ。死刑を廃止すべきではない。廃止すれば刑務所が満員になる。刑務所が満員になれば、さらに刑務所を建設しなければならなくなる。そして、我々は刑務所を増やしたくない。,死刑を廃止すべきではない。,廃止すれば、刑務所はさらに満員になる。,もし刑務所が満員になれば、もっと刑務所を建設しなければならなくなる。,もっと刑務所を建設しなければならない。,A
"次の文の記号化として最も適切なのは、与えられたPLの公式のうちどれか?
イギリスが牛肉を輸入しないことはフランスが農業に補助金を出すための必要条件であるか、あるいは南アフリカがダイヤモンドを供給しない場合に限り、中国は人権を推進するかのどちらかである。",(F ⊃ ~E) ∨ (C ≡ ~S),(~E ⊃ F) ∨ (C ⊃ ~S),~(F ⊃ E) ∨ (~S ⊃ C),(F ⊃ E) ∨ (C ≡ ~S),A
"間接真理値表を使って、以下の引数が有効かどうかを判断せよ。引数が無効な場合は、反例を示す選択肢を選べ。（他に反例がある可能性もある。）
(K · L) ⊃ M
N ⊃ ~M
N ∨ K / L ⊃ K",有効,無効。L、M、Nが真でKが偽の場合の反例,無効。LとMが真でKとNが偽の場合の反例,無効。LとNが真でKとMが偽の場合の反例,D
"次の引数について完全な真理値表を作成せよ。次に、真理値表を用いて、その引数が有効か無効かを判断せよ。引数が無効な場合は、反例を示す選択肢を選べ。（他にも反例がある可能性がある。）
(G ≡ H) · ~I
~G ∨ (~H ∨ I) / G",有効,無効。HとIが真でGが偽の場合の反例,無効。Hが真でIとGが偽の場合の反例,無効。H、I、Gが偽の場合の反例,D
"次の引数について完全な真理値表を作成せよ。次に、真理値表を用いて、その引数が有効か無効かを判断せよ。引数が無効な場合は、反例を示す選択肢を選べ。（他の反例がある可能性もある。）
~(M ≡ ~N) 
M / N",有効,無効。MとNが真のときの反例,無効。Mが真でNが偽の場合の反例,無効。Nが真でMが偽の場合の反例,A
述語論理への最適な変換を選択せよ。あるCEOは誰よりも裕福である。(Cx: xはCEO、Px: xは人、Wxy: xはyより裕福),(∃x)[Cx • (∀y)(Py • Wxy)],(∃x)[Cx ⊃ (∀y)(Py ⊃ Wxy)],(∃x)[Cx • (∀y)(Py ⊃ Wxy)],(∀x)[Px ⊃ (∃y)(Cy ⊃ Wxy)],C
述語論理への最適な変換を選択せよ。すべての子供はどこかの学校に行く。(Cx: xは子供、Sx: xは学校、Gxy: xはyに行く),(∀x)(∃y)[(Cx • Sy) • Gxy),(∀x)[Sx ⊃ (∃y)(Cy • Gxy)],(∀x)[Cx ⊃ (∃y)(Sy • Gxy)],(∀x)[Sx • (∃y)(Cy • Gxy)],C
