これらのうち、電場を発生させる物体から距離が遠くなると、距離の逆二乗分減少するものはどの量か?,有限長の帯電棒が作る電場,無限に長い帯電円柱が作る電場,無限に長い帯電平面が作る電場,無限に長くまっすぐな通電ワイヤーが作る磁場,A
固体の金属物体が他の電荷から隔離され、その表面に電荷が分布している。電荷分布は一様ではない。どのようなことが正確に判断できるか?,物体の外側の電場はゼロ,物体の外側の電場は、物体内部の電場と等しい,物体の外側の電場は、物体の質量中心からの距離に正比例する,物体の外側で、ただし物体の表面に非常に近い電場は、任意の位置の表面電荷密度を自由空間の誘電率で割ったものに等しい。,D
定在波が一定の長さの弦に100Hzの発生器で発生している。弦の張力を新しい定在波が発生するまで増加させる。新しい定在波の波長は、元の定在波の波長より大きくなるか小さくなるか?,弦の張力は波の速度に正比例し、波の速度は波長に反比例するため、小さくなる。,弦の張力は波の速度に正比例し、波の速度は波長に反比例するため、大きくなる。,弦の張力は波の速度に正比例し、波の速度は波長に正比例するため、大きくなる。,弦の張力は波の速度に正比例し、波の速度は波長に正比例するため、小さくなる。,C
二つの同じコンデンサが並列に外部回路に接続されている。両方のコンデンサで同じでなければならない量はどれか? I. コンデンサに蓄えられた電荷 II. コンデンサを通る電圧 III. コンデンサの静電容量,Iのみ,IIのみ,IIとIIIのみ,IとIIとIII,D
粗い表面の傾斜の頂上から、1kgの物体が静止状態から解放される。物体は回転することなく傾斜の底まで滑る。底部での物体の運動エネルギーはどうならなければならないか?,全力学的エネルギーが保存されなければならないため、物体が解放されたときの重力による位置エネルギーと等しくなる。,運動エネルギーの増加が、粗い傾斜で熱エネルギーによって失われた力学的エネルギーを補うので、物体が解放されたときの物体の重力による位置エネルギーと等しくなる。,重力による位置エネルギーが熱エネルギーと運動エネルギーの両方に変換されたため、物体が解放されたときの重力による位置エネルギーより小さくなる。,摩擦力によって加えられた負荷は物体が得た運動エネルギーより大きくなければならないため、物体が解放されたときの重力による位置エネルギーより小さい。,C
ある学生が、ばね定数kと振幅Aの単純なバネとブロックによる振り子を使って実験をしている。バネに取り付けられたブロックの質量はmである。学生が元のブロックの上に質量mの小さなブロックを置いた場合、次のうちどれが正しいか?,小さなブロックは、元のブロックが平衡位置から最大変位しているときに滑り落ちる可能性が最も高くなるが、ブロック間の静止摩擦係数がkA/[(M+m)g]より大きい限り、滑り落ちることはない。,小さなブロックは、元のブロックが平衡位置にあるときに滑り落ちる可能性が最も高くなるが、ブロック間の静止摩擦係数がkA/[(M+m)g]より大きい限り、滑り落ちることはない。,小さなブロックは、元のブロックが平衡位置から最大変位しているときに滑り落ちる可能性が最も高くなるが、ブロック間の静止摩擦係数が(M+m)g/(kA)より大きい限り、滑り落ちることはない。,小さなブロックは、元のブロックが平衡位置にあるときに滑り落ちる可能性が最も高くなるが、ブロック間の静止摩擦係数が(M+m)g/(kA)より大きい限り、滑り落ちることはない。,A
10µFのコンデンサを100Vの電位差まで充電するのに必要な仕事量はどれか?,0.005J,0.01J,0.05J,0.1J,C
質量mの箱が水平面上を初速v0で滑る。箱は重力と表面からの力以外には何の影響も受けない。箱と表面との間の動摩擦係数をμとすると、箱が静止するまでに滑る距離はどのようになるか?,v0^2/(2μg),v0^2/(μg),2v0^2/(μg),mv0^2/(μg),A
地面に静止しているサッカーボールを、初速10m/sで、打ち出し角30°で蹴る。空気抵抗は無視できると仮定して、その総飛行時間を計算しなさい。,0.5秒,1秒,2秒,4秒,B
2つの同じ容器に異なるガスが充填されている。容器1には水素を入れ、容器2には窒素を入れた。それぞれの容器を実験台の上に置き、部屋と熱平衡になるようにする。2つの気体の性質を正しく比較したものはどれか?,水素ガスの平均運動エネルギーは窒素ガスより大きい。,水素ガスが容器に及ぼす平均力は、窒素ガスより大きい。,水素ガスの密度は窒素ガスより小さい。,それぞれの容器に含まれる分子の数がわからないと、ガスの圧力は比較できない。,D
質量mの女の子と質量2mの男の子が、中央に支点のあるシーソーの反対側に座っている。今、少年と少女は支点から等しく離れており、シーソーは少年の方に傾いている。シーソーのバランスをとる方法として考えられないものは次のうちどれか?,男の子を支点から元の半分の距離に動かす。,支点から元の2倍の距離に女の子を移動させる。,質量mの2人目の女の子が1人目の女の子に加わるようにする。,支点と男の子の距離を半分にする。,D
冷たいアルコールの入ったビーカーに熱い水を注ぐと、混合物の温度はやがて同じ温度になる。流体の分子の大きさを考慮すると、この現象が起こる主な理由はどれか?,高温の水は冷めるまで容器の上部に上昇し、アルコールと混ざり合う。,水の分子はアルコールの分子より高い運動エネルギーを持ち続けるが、2つの液体はエネルギーが容器全体に均等に行き渡るまで混ざり合う。,熱い水は熱放射を起こし、すべての分子の運動エネルギーが同じになるまで、冷たいアルコールに吸収される。,水の分子とアルコールの分子が衝突し、水とアルコールの分子の平均運動エネルギーが同じになるまでエネルギーが移動する。,D
固体球体（I=0.06kg·m^2）が、その中心を通る軸の周りを20rad/sの角速度で自由に回転している。球の中心から0.30m離れた球の外面に2.0Nの摩擦力を加えて球を静止させたい。球体が静止するまでにかかる時間はどれか?,4秒,2秒,0.06秒,0.03秒,B
火星の半径は地球の約半分、質量は地球の約10分の1である。火星表面の重力場に最も近いものはどれか?,10N/kg,4N/kg,2N/kg,0.5N/kg,B
電荷密度σの無限に大きな平面の上では、電場は上を向き、σ/2εoに等しい。平面の下の電界の大きさと方向はどれか?,σ/2εo、下,σ/2εo、上,σ/εo、下,σ/εo、上,A
電子ビームの速度は10^7 m/sである。地球の磁場5×10−5 Tを使って電子ビームを円になるように曲げたい。この円の半径はどうなるか?,1nm,1μm,1mm,1m,D
平面鏡から100cmの距離に物体が置かれている。像と物体との距離はどれか?,50cm,100cm,200cm,300cm,C
馬の後ろに静止している荷車がある。馬と荷車のシステムが静止状態から加速することができるのは、どの力、または力の組合せで説明できるか?,馬にかかる地面の前方への静止摩擦力が、荷車にかかる後方への摩擦力よりも大きくなることで、前方への加速が得られる。,馬が荷車に及ぼす前方への力が、荷車が馬に及ぼす後方への力より大きくなることで、前方への加速が得られる。,馬と荷車のシステムの残りの部分にかかる馬の筋肉の力によって、必要な加速度が得られる。,馬にかかる地面の上向きの法線力が、馬の体重よりも大きくなることで、上向きの加速度が得られる。,A
"ある領域では、電界は原点から半径が離れるにつれて、Er = −6r^2 + 4r + 3 の式で変化し、rはメートル、EはN/Cで与えられる。原点と点(3, 4)の間の電位差はどれか?",−165V,−120V,64V,185V,D
ある気体が膨張-圧縮サイクルを行う。P-V線図にプロットすると、サイクルは反時計回りで、仕事の大きさは300Jである。このサイクルでの伝熱はどうなるか?,系への300Jの流入,系からの300Jの流出,系への600Jの流入,系からの600Jの流出,B
定電圧Vの理想的な電池が、全抵抗Rを持つ回路に電流を供給している。Rを2倍にした場合、回路から失われる電力の合計はどうなるか?,2倍になる。,4倍になる。,半分になる。,変わらない。,C
ある紫外線の波長は約6×10^−8mである。この光の周波数はどれか?,5×10^15Hz,0.5Hz,2Hz,20Hz,A
次の電離同位体はそれぞれ、同位体の初速度がBに垂直になるように、一様な磁場Bに同じ速度で投射される。質量と電荷の組み合わせで、半径が最大の円軌道になるのはどれか?,m=16u、 q=−5e,m=17u、q=−4e,m=18u、q=−3e,m=20u、q=−1e,D
電気双極子は、大きさ4.0nCの等しいが対向する一対の点電荷からなり、2.0cmの距離で隔てられている。電荷の中間にある点の電界強度はどれか?,0,9.0×10^4N/C,1.8×10^5N/C,7.2×10^5N/C,D
人は寒い日に何時間も外に立っていても何の悪影響も受けないが、冷たい湖に落ちると数分で命を落とすことがある。この現象の主な理由はどれか?,人の分子は、平均して周囲の分子よりも速く動く。,熱エネルギーが高濃度領域（熱い）から低濃度領域（冷たい）へ移動する。,熱が人から流れ出て人を囲む流体を温めると、より温かい流体が上昇し、新鮮な冷たい流体が人に接触できるようになり、熱の移動速度が増加する。,水は空気よりも体積あたりの分子数が多いため、人との分子接触が増加する。,D
直径の異なる円形の断面を持つパイプの中を、一定の流量で液体が流れている。パイプのある点での直径は2cmで、流速は18m/sである。このパイプの直径3cmの別の点での流速は何m/sか?,4m/s,6m/s,8m/s,12m/s,C
理想流体が半径Q、流速Vのパイプを流れる。パイプが3つの別々の経路に分かれ、それぞれが半径 (Q/2) である場合、それぞれの経路を流れる流速はどれか?,1/3V,2/3V,4/3V,4V,C
非常にゆっくりと動く陽電子が静止している電子と相互作用する。次の記述のうち、この反応によって起こりうる結果と、それが起こる理由を正しく説明しているものはどれか?,質量保存の法則から、この反応で新しい粒子が1つ生成された場合、その質量の合計は電子と陽電子の質量の合計に等しくなければならない。,電荷保存則から、この反応で生成されるすべての新しい粒子が電荷を持たないことが示されている。,運動量保存の法則から、反対方向に進む2つの同じガンマ線が生成される可能性がある。,エネルギー保存の法則から、反物質の陽電子がエネルギーに消滅し、静止した電子が残ることが示されている。,C
ある箱が傾斜面の上に滑ることなく置かれている。（水平面からの）角度が大きくなるにつれて、法線力はどうなるか?,直線的に増加する,直線的に減少する,変化しない,非線形的に減少する。,D
質量mの小さな荷車は最初静止している。質量4m、速度vの大きな荷車と弾性衝突した。大きな荷車は小さな荷車のためにその運動エネルギーの半分を失った。このときの小さな荷車の速度はどれか?,1.41v,v,2v,4v,A
ある回路はバッテリーと電球で構成されている。最初は回路が切断されている。次に回路が接続され、電球が点灯する。電球が点灯してしばらくの後、回路素子に存在する正味電荷はどのように変化したか?,正味電荷はよりプラスになった。,正味電荷はよりマイナスになった。,正味電荷は変化していない。,正電荷がよりプラスになるか、よりマイナスになるかは、電球が点灯する前の回路素子上の初期正電荷に依存する。,C
もし月と地球の間の重力の力が止まったとしたら、その結果生じる月の運動を最もよく表している記述はどれか?,月は自転を続け、通常通り地球の周りを公転する。,月は自転を続けるが、地球の周りを公転しなくなる。,月は自転しなくなるが、地球の周りを通常通り公転する。,月は自転をしなくなり、地球の周りを公転することもしなくなる。,B
ある人がエレベーターの中で体重計に乗った。彼は体重計の数値が普段の体重より少ないことに気づいた。エレベーターの動きを表す可能性があるのは次のうちどれか?,エレベーターは下向きに動き、減速している。,エレベーターが上方に移動し、減速している。,一定の速度で上方に動いている。,一定の速度で下向きに動いている。,B
"ウィッフルボールが真上に投げられ、最高点に達し、下に落ちる。空気抵抗は無視できない。次の記述のうち正しいものはどれか?
I. ボールの速度は最高点でゼロである。
II. ボールの加速度は最高点でゼロである。
III. ボールは最高点まで上がるのに落ちるより長い時間がかかる。",Iのみ,IIのみ,IとIIのみ,IとIIIのみ,C
L、M、Tがそれぞれ長さ、質量、時間の大きさを表すとき、衝撃の大きさはどうなるか?,LM/T^3,LM/T^2,LM/T,L^2M/T^2,C
1.5×10^6m/sの初速で移動している陽子は、大きさ1.5Tの一定磁場の領域に入る。陽子の初速度ベクトルが磁場と30°の角度をなす場合、磁場に入ってから4秒後の陽子の速度を計算しなさい。,5.0×10^6m/s,7.5×10^6m/s,1.5×10^6m/s,3.0×10^6 m/s,C
ある男性がエレベーターの中で台秤の上に立っている。エレベーターは速度を上げながら上方に移動する。男性の体重に対する作用反作用の力の組み合わせはどれか?,エレベーターのケーブルが男性に及ぼす力,男性が体重計に及ぼす力,エレベーターのケーブルがエレベーターに及ぼす力,男性が地球に及ぼす力,D
等温膨張の間、閉じ込められた理想気体は周囲に対して150Jの仕事をする。この過程での熱伝導を説明するものはどれか?,150Jの熱が気体に加えられた。,150Jの熱が気体から取り除かれた。,300Jの熱が気体に加えられた。,300Jの熱が気体から取り除かれた。,A
ある物体は−1Cの電荷を帯びている。この物体に含まれる過剰電子はどれか?,6.25×10^18,8.00×10^18,1.60×10^19,3.20×10^19,A
ギターの弦が既知の周波数の音波を発生させる。以下の記述のうち、メータースティックで音波の波長を測定する方法として、正しく実用的なものはどれか?,ギターの弦の真ん中に軽く触れ、一つの節ができるようにし、弦の長さを測ったものが波長。,ギターの弦の長さを測ったものが半波長。,共振が聞こえるように、弦の近くに置いたパイプの長さを調整する。連続する共鳴のパイプの長さの差を測ったものが半波長。,波が通過するときのピークからピークまでの距離を測ったものが波長。,C
像に関する次の記述のうち、正しいものはどれか?,凹レンズによって作られる像は常に実像。,凹面鏡によって作られる像は常に実像。,凸レンズによって作られる像は、実像と虚像の両方になりうる。,凸面鏡によって作られる像は、実像と虚像の両方になりうる。,C
地球の中心から反対側までまっすぐ穴を掘ることができたとする。その穴に物体が落とされた場合、その動きを最もよく表すのは次のうちどれか?理想的な条件で、物体が破壊されないと仮定する。,物体は地球の中心まで落下し、そこで止まる。,穴を通って反対側へ落下し、反対側の開口部を通過して宇宙へ飛んでいく。,一方の開口部から他方の開口部まで、無限に往復する。,反対側に落下し、そこで止まる。,C
水平のバネとブロックによる振り子が動いているとき、同じ質量の2つ目のブロックが振動しているブロックの上に落ちてきた。二つのブロックがくっつくと、振動の振幅にどのような影響があるか?,振幅が大きくなる。,振幅が小さくなる。,何の影響もない。,2つ目のブロックが落下したとき、元のブロックがサイクルのどの位置にあったかによる。,D
音源とその音を検出する検出器が関係する次の状況のうち、ドップラーシフトが認められない可能性があるのはどれか?,音源が静止している検出器に向かって移動する。,検出器が静止している音源に向かって移動する。,音源と検出器の両方が同じ方向に移動する。,音源と検波器が互いに反対方向に移動し、音源と検波器が互いに遠ざかる。,C
質量100kgの一様な密度を持つ固体のプラスチック立方体（一辺の長さ＝0.5m）を、密度1200kg/m^3の流体槽に入れた。この立方体の体積の何分の一が液面上に浮いているか?,1.0/9,1.0/3,2.0/3,4.0/5,B
水平な床の上に立っている人には、下向きの重力と上向きの床の法線力という2つの力が作用する。これらの2つの力について正しいものはどれか?,大きさが等しく、作用・反作用の対を形成する,大きさが等しく、作用・反作用の対を形成しない,大きさが等しくなく、作用・反作用の対を形成する,大きさが等しくなく、作用・反作用の対を形成しない。,B
質量m、電荷Q、速度Vの粒子は、強さEの一様な電界に向けられ、距離dを移動する。元の速度を2倍にし、質量を半分にした場合、粒子はどれだけの距離を移動するか?,4d,2d,d,1/2d,B
質量m1の物体が、質量不明の静止した物体と直線的な弾性衝突をする。m1に加えて、2番目の物体の質量を決定するために最低限必要な情報は何か?,物体1の最終速度,物体1の初速度,物体2の最終速度,上記のうちいずれか2つ,D
光電効果を研究するために計画された実験で、波長550nmの低強度の可視光では光電子が発生しないことが観察された。この光の強度を劇的に増加させた場合、何が起こるかを最もよく表しているのは次のうちどれか?,ほぼ直ちに、入射光子のエネルギーに等しい運動エネルギーを持つ光電子が生成される。,ほぼ直ちに、入射光子のエネルギーから金属の仕事関数を引いたものに等しい運動エネルギーを持つ光電子が生成される。,電子が入射光から十分なエネルギーを吸収するのに必要な数秒後、入射光子のエネルギーから金属の仕事関数を引いたものに等しい運動エネルギーを持つ光電子が生成される。,何も起こらない。,D
振幅4cmと6cmの等しい周波数の2つの進行波が、1つの媒質中で重畳している。その結果生じる波の変位Dを表すのに、最も適切なものはどれか?,2cm≤D≤10cm,D=5cm,D=10 cm,10cm≤D≤12cm,A
衝突Aでは、2台のカートが衝突し、互いに跳ね返る。衝突Bでは、ボールが剛体の棒にくっつき、その棒は組み合わされた重心を中心に回転し始める。それぞれの衝突における量に関する次の記述のうち正しいものはどれか?,衝突A： 各カートは同じ力、衝突時間、運動エネルギーの変化を経験する。 衝突B： ボールとロッドはそれぞれ同じトルク、衝突時間、回転運動エネルギーの変化を経験する。,衝突A: 各カートは同じ力、衝突時間、直線運動量の変化を経験する。 衝突B： ボールとロッドはそれぞれ同じトルク、衝突時間、角運動量の変化を経験する。,衝突A: 各カートは同じ力、衝突時間、運動エネルギーの変化を経験する。 衝突B： ボールとロッドはそれぞれ同じトルク、衝突時間、角運動量の変化を経験する。,衝突A： 各カートは同じ力、衝突時間、速度の変化を経験する。 衝突B： ボールとロッドはそれぞれ同じトルク、衝突時間、角速度の変化を経験する。,B
質量2kgの物体に、それぞれ4Nの大きさの3つの外力が作用している。物体に及ぼす加速として不適切なものはどれか?,0m/s^2,2m/s^2,4m/s^2,8m/s^2,D
ばねばかりを使用して物体にかかる正味の力を測定し、音波モーションディテクターを使用して物体の結果として生じる加速度を測定する。縦軸に正味の力、横軸に加速度をとってグラフを作成する。このグラフの傾きを使って直接測定される量は、次のうちどれか?,重力質量,重量,速度,慣性質量,D
木のブロックがテーブルの上を滑るとき、摩擦力fを受ける。高さが半分、長さが2倍の同じ材質のブロックがテーブルの上を滑るとき、そのブロックが受ける摩擦力はいくらか?,(1/2)f,f,2f,4f,B
発散鏡の前10cmに物体を置く。鏡の後方2cmに像が見える場合、鏡の焦点距離はどれか?,−3/5 cm,−5/3 cm,−2/5 cm,−5/2 cm,D
正のx方向に移動している物体が原点を通過する時間はt=0である。t=0からt=1秒の間、この物体は毎秒24メートルの一定速度を持つ。t=1秒で、物体は負のx方向に毎秒6メートルの2乗の一定加速度を与えられる。t=11秒における物体の位置xはどれか?,99m,36m,−36m,−99m,C
密度ρの流体が粘性を無視できる水平パイプを流れる。流れは流線型で、流量は一定である。点1におけるパイプの直径をd、流速をVとする。点2におけるパイプの直径をd/3とすると、点2における圧力はどうなるか?,点1における圧力より4ρv^2小さい,点1における圧力より40ρv^2小さい,点1における圧力より4ρv^2大きい,点1における圧力より40ρv^2大きい,B
ばねとブロックによる振り子では、ブロックの最高速度はどうなるか?,振幅に比例する,振幅の2乗に比例する,振幅の平方根に比例する,振幅の平方根に反比例する,A
地球上の箱の重さは80Nである。月の質量が地球の1/80、半径が1/4である場合、月でのこの箱の重さはどれか?,1N,10N,16N,20N,C
"教科書は海面で30Nの重さがある。地球の半径は6,400kmである。海抜6,000mの山頂における教科書の重さの推定値として最も適切なものはどれか?",60N,15N,30N,7.5N,C
自由落下している実際の物体の運動を正しく表しているのはどれか?物体は速度に比例した抗力を受け、終端速度に達する前に地面に衝突すると仮定する。,速度が増加し、加速度が増加しながら落下する。,速度が増加し、加速度が減少しながら落下する。,速度が減少し、加速度が増加しながら落下する。,速度が減少し、加速度が減少しながら落下する。,B
両凸レンズの曲率半径の大きさは20cmである。高さ2cmの物体がレンズから30cmのところに置かれたときに結ばれる像について、最も適切な記述はどれか?,実像、倒立、高さ=1cm,虚像、正立、高さ=0.25cm,実像、正立、高さ=1cm,虚像、倒立、高さ=0.25cm,A
正味電荷+5eと−6eの2つの球が短時間接触した。その後の2つの球体の正味電荷の組み合わせとして可能なものは次のうちどれか?,+3eと−4e,+1.5eと−2.5e,上記の両方,上記のどれでもない,A
ヘリウムを充填した風船の円周を、室温、温めたオーブン に30分間入れた後、冷凍庫に30分間入れた後の3つ の異なる条件で測定する。温度 T の関数として円周の3乗C^3をプロットする生徒は、次のうちどれを見いだすか?,C^3とTの間に三次の関係,C^3とTの間に間接的な関係,C^3がゼロになる温度Tの外挿,温度Tが上昇するにつれてC^3が最大になること,C
実験室で油滴の電荷を測定する。次の測定値のうち、正しい可能性が極めて低いとして却下されるべきものはどれか?,6.4×10^−19C,8.0×10^−19C,4.8×10^−19C,2.4×10^−19C,D
1.5×10^6m/sの初速で移動している陽子は、大きさ1.0Tの一定の磁場Bの領域に入る。陽子の初速度ベクトルがBの方向と30°の角度をなしている場合、磁場に入ってから4秒後の陽子の速度を計算しなさい。,5.0×10^5 m/s,7.5×10^5 m/s,1.5×10^6m/s,3.0×10^6 m/s,C
次のうちどの変化を回路に加えると、必ず電流が増加するか?,電圧を増加させ、抵抗を増加させる,電圧を減少させ、抵抗を減少させる,電圧を増加させ、抵抗を減少させる,電圧を減少させ、抵抗を増加させる,A
一様な円運動に関して正しいのはどれか?,遠心力は求心力の作用・反作用対。,求心加速度と速度は同じ方向を向いている。,運動している物体の速度は変化するが、物体の加速度は一定。,一様な円運動をしている衛星は、円軌道を描いて中心に向かって落下している。,D
ある実験用カートは、t1=0.10秒の時点で東に25 cm/sで移動し、その後、t2=0.20秒の時点で東に15cm/s移動していることがわかっている。これは、t1とt2の間にカートに作用する正味の力の方向を決定するのに十分な情報か?,はい。カートが減速していることがわかっているため、その運動量の変化は進行方向と反対であり、正味の力は運動量の変化の方向に働く。,いいえ。カートに摩擦や空気抵抗などの力が作用しているかどうかわからないため。,いいえ。カートの質量が分からないため。,はい。カートが東に動き続けていることが分かっているため、正味の力は運動方向にあるはず。,A
エレベーターが上昇している。エレベーターを引っ張っているケーブルの張力を求めるには、（エレベーターに関する）どの値が必要か?,質量、速度、高さ、加速度,質量、速度、加速度,質量、速度,質量、加速度,D
ゼロでない2つのベクトルを足し合わせ、その結果のベクトルがゼロである場合、その2つのベクトルには何が当てはまるか?,大きさが等しく、同じ方向を向いている。,大きさが等しく、反対方向を向いている。,大きさが異なり、反対方向を向いている。,0でない2つのベクトルの和が0になることはありえない。,B
陽子がソレノイドに入る。進入時、陽子はソレノイドの軸に沿って直線運動している。ソレノイド内でのプロトンの運動の説明として正しいものはどれか?,プロトンは放物線を描いて曲がる。,プロトンは円軌道を描いて曲がる。,プロトンは等速で直進を続ける。,プロトンは直進を続け、減速する。,C
周波数fの音波は空気中を速度vで伝わる。周波数4fの音波は空気中をどのような速度で伝わるか?,v/4,v,2v,4v,B
どのような条件下で、閉じた表面を通る正味の電束は、囲まれた電荷に比例するか?,どのような条件下でも,囲まれた電荷が対称的に分布しているときだけ,近接するすべての電荷が対称的に分布しているときだけ,表面の外側に電荷がないときだけ,A
空気中から窓ガラスに入ってきた単色光の光線は何が変化するか?,周波数と波長,速度と波長,速度のみ,波長のみ,B
理想気体について行われた実験でデータが収集された。実験では、温度(単位: K)が独立変数で、体積(単位: m^3)が従属変数である。従属変数が縦軸になるようにプロットした場合、グラフの傾きとy切片について正しいのはどれか?,傾きは気体の圧力に直線的に比例し、切片は0m^3になる。,傾きは気体の圧力に反比例し、切片は0m^3になる。,傾きは気体の圧力に直線的に比例し、切片は0m^3にならない。,傾きは気体の圧力に反比例し、切片は0m^3にならない。,B
おもちゃの車とおもちゃのトラックが衝突した。おもちゃのトラックの質量がおもちゃの車の質量の2倍である場合、トラックの加速度と比較して、衝突時の車の加速度はどうなるか?,2倍の大きさで同じ方向,2倍の大きさで反対方向,半分の大きさで同じ方向,半分の大きさで反対方向,B
質量の等しい球体、立方体、円柱が、短い傾斜の頂上から静止状態から解放される。傾斜の表面は非常に滑りやすく、放たれた物体は回転せず、むしろ無視できる程度の摩擦で滑るほどである。先に傾斜の底に到達するのはどれか?,球体,立方体,円柱,すべて同時に底面に到達する。,D
ある自動車が静止状態から出発し、15.0秒で最終速度20.0m/sまで一様に加速する。この時間内に自動車はどの程度の距離を移動したか?,150m,300m,450m,600m,A
理想的な発射体は、その水平変位（射程距離）がその最大垂直変位に等しくなるように、水平に対してどの角度で発射されるべきか?,sin−1 (1/g),cos−1 (1/g),45°,tan−1 4,D
大砲が5m/sで前進するトラックに取り付けられている。操縦者は大砲からボールを発射して、ボールが平らな面に当たる前にできるだけ遠くまで飛ぶようにしたい。大砲の銃口速度は50m/sである。操作者は大砲を水平からどの角度に向けるべきか?,5°,41°,45°,49°,D
2つの荷電した重い粒子は、粒子間の影響を除くすべての影響から隔離されている。それらは、それらの間の正味の力が0Nとなるような電荷と質量を有する。次のうち、正しくないものはどれか?,粒子は同じ符号の電荷をもたなければならない。,粒子間の距離が変化すると、力は0Nではなくなる。,粒子は同じ質量でなければならない。,2つの粒子間の正味の力が0になることはないため、このような状況は不可能。,A
水平に対して45°の角度で発射された理想的な発射体の運動に関する次の記述のうち、正しいものはどれか?,加速度ベクトルは、上りの速度ベクトルとは反対を向き、下りの速度ベクトルとは同じ方向を向く。,軌道の上端での速度はゼロ。,飛行中、物体の全速度は一定。,垂直速度は上昇するにつれて減少し、下降するにつれて増加する。,D
電荷を帯びた2つの球が短い距離で離れており、その間に50μNの力が生じている。それぞれのボールの電荷を同じにしたまま、一方のボールの質量を2倍にし、もう一方のボールの質量を2倍にしない。ボール間の新しい電気力はどうなるか?,50μN,100μN,200μN,400μN,A
移動中の1.5kgのカートが、最初は静止していた0.5kgのカートに衝突し、くっついた。衝突の直後、カートはそれぞれ互いに同じ______を持っている。,速度,運動エネルギー,質量,運動量,A
崖から落下した岩が30m/sの衝撃速度で地面に衝突した。崖の高さはどれか?,20m,30m,45m,60m,C
速度vで走っている車が角度θの傾斜のふもとに到達した。車はエンジンを使用せずに惰性で傾斜を進む。摩擦と空気抵抗を無視した場合、車の水平加速度axと垂直加速度ayの大きさについて正しいのはどれか?,ax=0; ay<g,ax=0; ay=g,ax<g; ay<g,ax<g; ay=g,C
平行平板コンデンサの静電容量を増加させるのは次のうちどれか?,より小さなプレートを使う,プレート間の誘電体材料を誘電率の小さいものに取り替える,プレート間の電圧を下げる,プレート同士を近づける,D
ある人が、回転している摩擦のないプラットホームの上に両手を横にして立っている。次のうち、人と台のシステムの角運動量を変化させうるものはどれか?,友人が投げた野球のボールを男性がキャッチする。,男性が両腕を体から離して突き出す。,男性が両腕を体から離して突き出し、すぐにまた両腕を体側に戻す。,空中に飛び上がり、プラットホームに着地する。,A
可動式ピストンを備えたシリンダーに、圧力P=1×10^5Pa、体積V=20cm^3、温度T=273Kの気体が入っている。このピストンが熱を気体から逃し、温度が一定に保たれるよう、ゆっくりとした一定の形で下向きに動く。気体の最終的な体積が5cm^3である場合、その結果生じる圧力はいくらか?,0.25×10^5Pa,2×10^5Pa,4×10^5Pa,8×10^5Pa,C
次の電磁波のうち、最も波長の長いものはどれか?,ガンマ線,紫外線,青色の光,オレンジ色の光,D
電気モーターには、次のようなラベルが貼られている。入力： AC120V、1.0アンペア、60Hz、効率75％。このモーターが6kgの質量を持ち上げることができる一定速度はどれか?,0.5m/s,1.0m/s,1.5m/s,2.0m/s,C
焦点距離f=0.2mの凸レンズを使って、テーブルの上に置かれた小さな硬貨を検査する。検査中、レンズは硬貨の上0.3mのところに置かれ、硬貨の上0.1mのところまでゆっくり移動する。この間、硬貨の像に何が起こるか?,コインの像が大きくなり続ける。,コインの像が小さくなり続ける。,像は、最初は小さく、次に大きくなる。,像が裏返る。,D
"スペースシャトルが地球の表面から300km上を回る。地球の半径は6,400kmである。スペースシャトルが受ける重力加速度はどれか?",ゼロ,4.9m/s^2,9.8m/s^2,8.9m/s^2,D
ある宇宙飛行士が、質量と半径がそれぞれ地球の2倍の惑星に着陸した。宇宙飛行士の体重が地球で800Nであった場合、この惑星では何Nになるか?,200N,400N,800N,1600N,B
質量100kgの人と質量50kgの人の2人が、氷で覆われた（実質的に摩擦のない）池の上に向かい合って立っている。重い方が軽い方を力Fで押した場合、どうなるか?,重い方が感じる力は(−1/2)F,その人が感じる力は−2F,軽い方の加速度の大きさは、重い方の加速度の大きさの半分,軽い方の加速度の大きさは、重い方の加速度の大きさの2倍,D
30mFのコンデンサは、各プレートに6ミリクーロンずつの電荷を持つ。コンデンサに蓄えられるエネルギーは、およそどのくらいか?,5.4×10−10J,9.0×10−8J,0.6J,12.5J,C
電池と抵抗の組み合わせで、電流が最も大きくなる回路はどれか?,抵抗を直列に配置した高電圧バッテリー,抵抗を並列に配置した高電圧バッテリー,抵抗を直列に配置した低電圧バッテリー,抵抗を並列に配置した低電圧バッテリー,A
ゴム製のボール（質量＝0.08kg）を3.2mの高さから落とし、床で跳ね返った後、ほぼ元の高さまで上昇させた。床との衝突時間が0.04秒と測定された場合、床がボールに与えた平均力はどれか?,0.16N,0.16N,0.32N,0.36N,C
同じ質量の球体とブロックの2つの物体が、傾斜面の頂上で静止状態から解放される。球体は滑ることなく傾斜面を転がり落ちる。ブロックは摩擦なしに傾斜面を滑り落ちる。どちらの物体が先に傾斜面の底に到達するか?,球体。球体は回転運動エネルギーを得るが、ブロックは得られないため。,球体。球体は働くトルクによって力学的エネルギーを得るが、ブロックは得られないため。,ブロック。ブロックは摩擦によって力学的エネルギーを失わないが、球体は失うため。,ブロック。ブロックは回転運動エネルギーを得ないが、球体は得るため。,D
二重スリット干渉実験に次のどの変更を加えると、スクリーンに現れる干渉パターンの縞の幅が大きくなるか?,波長の短い光を使う。,スクリーンをスリットに近づける。,スリットを近づける。,波速の小さい光を使う。,C
石を初速5m/sで上方に垂直に投げる。3秒後の石の速度はどうなるか?,25m/s、上向き,25m/s、下向き,35m/s、上向き,35m/s、下向き,B
ある粒子は、ポテンシャルエネルギー関数がU(x)=(x−2)3−12xである保存力を受けている。Uはジュールで与えられ、xはメートルで計測される。次のうち安定した平衡の位置を表すものはどれか?,x=−4,x=−2,x=0,x=4,D
電子(質量=m、電荷=−E)は、ページの平面内で上方向に速度Vで回転し、ページの平面に向けられた一様な磁場Bを含む領域に入る。その後の電子の円運動について述べよ。,時計回りの回転; 経路の半径=mv/(eB),反時計回りの回転; 経路の半径=mv/(eB),時計回りの回転; 経路の半径=eB/(mv),反時計回りの回転; 経路の半径=eB/(mv),A
質量のある球が、天井につながれたひもに取り付けられて振り子を形成している。ひもを水平(天井)から50度の角度まで上げて放すと、球は0.4秒の周期で前後に振れる。次のうちどの変更を振り子に加えると振り子の周期が短くなるか?,ボールの質量を増やす,糸の長さを短くする,糸を放したときの水平からの角度を小さくする,ボールの質量を減らす,B
物体を遠くから焦点の近くまで移動させると、凹面鏡によって形成される像はどうなるか?,像が鏡から遠ざかり、背が短くなる。,像が鏡から遠ざかり、背が高くなる。,像が鏡に近づき、背が低くなる。,像が鏡の方に移動し、背が高くなる。,B
最初は静止していた半径0.1mの円板は、2.0rad/s^2の角加速度を受ける。円板が回転するだけの場合、円板の縁の点が4.0sで移動した総距離を求めよ。,0.4m,0.8m,1.2m,1.6m,D
橋から初速10m/sで石を水平に投げる。空気抵抗を無視できると仮定すると、石が橋の下80mの水面に衝突するまでにかかる時間はどれか?,1秒,2秒,4秒,8秒,C
電場と磁場に関する次の記述のうち、誤っているものはどれか?,電場の方向に沿って移動する電荷は力を受けるが、磁場の方向に沿って移動する電荷は力を受けない。,電場ではすべての電荷が力を受けるが、磁場では移動する電荷だけが力を受ける。,正電荷は電場の方向に動き、正電荷は磁場に垂直に動く。,すべての動く電荷は、電場に平行な力と磁場に垂直な力を受ける。,C
"スペースシャトルが地球の表面から300km上を回る。地球の半径は6,400kmである。スペースシャトルが受ける地球の重力による加速度はどれか?",4.9m/s^2,8.9m/s^2,9.8m/s^2,10.8m/s^2,B
閉じ込められた理想気体が、等圧ステップ、等積ステップ、等温ステップの順番の3つのステップによる循環過程を受ける。次のうちどれが正しいか?,気体の内部エネルギーの変化は、等圧ステップで行われた仕事に等しい。,気体の内部エネルギーの変化は、等圧ステップで行われた仕事から等温ステップで行われた仕事を引いたものに等しい。,サイクル中に行われる仕事の合計は正。,サイクル中に行われる仕事の合計は、正味の熱移動量と等しいが反対。,D
ある球体が、傾斜角度が一定の丘の上で静止している状態から出発し、丘を滑り落ちることなく転がるようにする。球体を回転させるトルクを与える力は何か?,静止摩擦,運動摩擦,球体にかかる丘の法線力,重力,A
あるブロックがテーブルに沿って引きずられ、その動きに対抗する摩擦力f を受ける。テーブルがブロックに及ぼす力はどうなるか?,ゼロ,テーブルに平行,テーブルに垂直,テーブルに平行でも垂直でもない。,D
テーブルの上に置かれた木のブロックをテーブルが支えている。この相互作用は自然界のどの基本的な力によるもので、その理由は何か?,電気力。テーブルの最上層の原子核に含まれる陽子が、木の最下層の原子核に含まれる陽子を反発させるから。,重力。F=GMm/r^2により、その至近距離でテーブルが木材に及ぼす力は、地球が木材に及ぼす力と釣り合うのに十分だから。,電気力。テーブルの一番上の原子層の外側の電子が、木材の一番下の原子層の外側の電子と反発するから。,強い核力。テーブルの一番上の原子層の原子核の陽子が、木材の一番下の原子層の原子核と反発するから。,C
次のうち、1テスラに等しくないものはどれか?,1J/(A*m^2),1kg/(C*s),1N/(A*m),1A*N/V,D
ある子供用おもちゃは、非常に軽い車輪が輪ゴムに取り付けられたカートで構成されている。この輪ゴムは、車輪を支える車軸に巻きつけたり巻き戻したりすることができる。このおもちゃをひと押しすると、おもちゃは平らな面を転がり、スロープを登っていく。おもちゃがスロープを昇る距離には一貫性がないことが観測され、カートを押し出す力が毎回同じ運動エネルギーであるにも関わらず、あるテストでは他のテストよりも高い位置まで上った。この現象の説明として妥当なものはどれか?,輪ゴムの最初の巻き方によって、輪ゴムからカートが動くための運動エネルギーに伝達される位置エネルギーが多くなったり少なくなったりする。,輪ゴムの巻き方、巻き戻し方によって、カートの車輪にかかる法線力は異なる。,運動エネルギーから重力位置エネルギーにどれだけのエネルギーが伝達されるかは、カートが行き着く垂直の高さによる。,カートの最初の運動エネルギーの一部は、摩擦による仕事によって散逸する。,A
ある物体が静止状態から解放され、最初の1秒間に距離hだけ落下する。次の1秒間に物体はどこまで落下するか?,h,2h,3h,4h,C
2人のアイススケーターが摩擦のない氷の上を動き、衝突しようとしている。50kgのスケーターは真西に4m/sで進んでいる。75kgのスケーターは2m/sで真北に進んでいる。衝突後、両者は密着した。このシナリオでは、次のうちどれが正しいか?,衝突の間、系にかかる正味の力はゼロではないので、系の直線運動量は保存される。,非弾性衝突なので、系の運動エネルギーだけが保存される。,弾性衝突なので、系の運動エネルギーだけが保存される。,系にかかる正味の力がゼロなので、系の直線運動量は保存される。,D
地球の質量は5.97×10^24kgである。月の中心は地球の中心から3.84×10^8mの距離にあり、月の質量は7.35×10^22kgである。月に対する地球の引力の推定値として最も適切なものはどれか?,10^39N,10^29N,10^19N,10^9N,C
体積2×10^−3m^3、重さ6Nの物体が水槽に入れられ、浮いている。その物体の体積の何％が水面上にあるか?,12%,30%,60%,70%,D
ある物体の位置は方程式x=2.0t^3+4.0t+6.25で得られる。t=1.50秒における物体の加速度はどれか?,6m/s^2,12m/s^2,18m/s^2,24m/s^2,C
ある人がエレベーターの中に立っているときにエレベーターが上昇を始めた。床からの法線力はその人に働くか?,はい。正の力が働く。,はい。負の力が働く。,はい。ただし、その符号は不明。,いいえ。,A
静止状態から出発し、5m/s^2の速度で直線に一様に加速している車が200mの距離を走るのにかかる時間はどれか?,9.0秒,10.5秒,12.0秒,15.5秒,A
物体が静的平衡にあるために必要な条件は次のうちどれか? I. 物体にかかるすべてのトルクのベクトル和がゼロでなければならない。 II. 物体にかかるすべての力のベクトル和はゼロに等しくなければならない。 III. 物体の位置エネルギーと運動エネルギーの和はゼロでなければならない。,Iのみ,IIのみ,IIIのみ,IとIIのみ,D
ある学生がテーブルを横切るようにパックを押し出し、x=0の位置からx=0.2mの位置へと動かす。学生が手放した後、パックはテーブルを横切って進行を続け、x=1.2mの位置で静止した。パックがx=1.0mの位置にあるとき、パックにかかる正味の力について正しい主張はどれか?,パックは正の方向に動いているが減速しているので、正味の力は負の方向。,パックは地面の近くにあり、重力加速度は下向きに10m/s^2であるため、正味の力は下向き。,学生が押したことによってパックが正の方向にスピードアップしたため、正味の力は正の方向。,学生が押したことによる正の方向の力は、負の方向の摩擦力と等しくなければならないので、正味の力はゼロ。,A
実験者Aは非常に小さな試験電荷qoを使用し、実験者Bは試験電荷2qoを使用して、2枚の平行なプレートから発生する電場を測定する。Aの見いだした電場はどうなるか?,Bの見いだした電場より大きい,Bの見いだした電場と同じ,Bの見いだした電場より小さい,試験電荷の加速度に応じて、Bの見いだした電界より大きいか小さいかのどちらか,B
2つの物体AとBは、同じ電荷と同じ質量を持つ。両者間の重力と静電気力は等しいので、どちらの物体も運動していない。物体Aの質量を半分にした場合に平衡が維持されるのはどのような場合か?,物体Aの電荷を2倍にした場合,物体Bの電荷を半分にした場合,物体Bの電荷を2倍にした場合,物体Bの質量を半分にした場合,D
2μFのコンデンサがバッテリーに直接接続されている。コンデンサが完全に充電されると、600μCの電荷を蓄える。実験者は2μFのコンデンサを、同じバッテリーに直列に接続された3つの18μFのコンデンサに置き換えた。コンデンサが完全に充電されると、各コンデンサに蓄えられる電荷はどうなるか?,100μC,200μC,600μC,1800μC,D
ある粒子の速度が3.0m/sのとき、粒子の運動エネルギーは−6.0J/sの割合で変化している。この時、粒子にかかる力の大きさはどれか?,0.5N,2.0N,4.5N,9.0N,B
半径が一様なバンクカーブを車が曲がっている。車には、タイヤと路面の間の摩擦力、路面からの法線力、車の重さの3つの力が働く。車を円運動に保つ向心力はどれか?,摩擦力のみ,法線力のみ,重量のみ,法線力と摩擦力の二つ,D
橋から初速30m/sで石を水平に投げた。空気抵抗が無視できると仮定して、4秒後に水中に入ったときの石の全速度を求めよ。,30m/s,40m/s,50m/s,60m/s,C
それぞれの物体の質量を2倍にし、中心間の距離を2倍にした場合、2つの小さな物体間の引力はどうなるか?,2倍になる。,4倍になる。,半分になる。,変わらない。,D
60Wの電球が120Vの電圧で作動する場合、どれだけの電流を流すか?,0.25A,0.5A,2A,4A,B
温度が2倍、体積が8倍になると、理想気体の圧力Pはどうなるか?,Pは16分の1に減少する。,Pは4分の1に減少する。,Pは2分の1に減少する。,Pは4倍に増加する。,B
空気中から窓ガラスに入ってきた単色光の光線は何が変化するか?,周波数と波長,周波数と速度,速度と波長,速度のみ,C
体積が一定の硬い固体容器に、体積v1、温度T1、圧力P1の理想気体を入れる。温度は等温過程で上昇する。次のうち正しくないものはどれか?,分子の平均速度は上昇する。,圧力は上昇する。,系の運動エネルギーは増加する。,体積は増加する。,D
一定の張力と線質量密度の弦が振動スピーカーに取り付けられている。スピーカーの周波数が60Hzの場合、弦に定在波が発生しないことが観察された。この現象について正しい説明はどれか?,弦の長さが波の波長の半分の倍数になっていない。,弦の波の速度は一定。,60Hzは可聴音の最低音域。,スピーカーから発生する波の波長は、弦上の波の速度を60Hzで割ったものに等しい。,A
球形の電荷分布は、ρ=arの式によって半径rとともに変化する。ここで、ρは体積電荷密度、aは正の定数である。分布は半径Rに出る。中心からの距離rにおけるこの電荷分布による電界強度について、次のうちどれが正しいか?,rが無限大に近づくにつれて増加する。,r>Rの場合、直線的に減少する。,r>Rの場合、直線的に増加する。,r<Rの場合、非直線的に増加する。,D
周波数が400Hzのアラームを3階の窓から落とす。落とした学生は、非常に感度の高いオシロスコープで周波数を測定する。測定された周波数はどうなるか?,400Hzより高く、落下すると周波数が上がる,400Hzより高く、落下すると周波数が下がる,400Hzより低く、落下すると周波数が下がる,400Hzより低く、落下すると周波数が上がる。,C
半径Q、長さℓの円柱状のアルミニウム棒に熱が加えられる。棒の両端の温度差は10℃から20℃まで変化する。棒に沿って熱が伝わる速度に影響する幾何学的要因は何か?,長さのみ,棒の面積のみ,長さと面積の両方,長さと面積のどちらでもない,C
検眼医は、ディオプター単位で測定されるレンズ度数の線形スケールを使って矯正レンズを処方する。近視・近眼の人は、目のレンズの度数が強すぎるため、遠くのものを見るのが難しい。近視の人が−5ディオプターの処方箋を持っている場合、その人の矯正レンズは遠くの物体に対してどのような像を作るか?,目の前約20cmの直立した実像,目の前約20cmの直立した虚像,目の後ろ約20cmの倒立した実像,目の後ろ5cmの倒立した虚像,B
不導体球にゼロでない正味電荷+Qを与え、同じ半径の中性導体球に近づける。次のうちどれが正しいか?,導体球内に電場が誘起される。,導体球は−Qの正味電荷を帯びる。,球体に静電引力が発生する。,球体は静電反発を起こす。,C
ある荷電粒子が磁場中を移動し、力fを受けた。新しい粒子が同じ磁場に送られた。新しい粒子の電荷が2倍、質量が2倍、速度が2倍ならば、新しい力はどうなるか?,4F,2F,F,1/2 F,A
電気双極子は、大きさ4.0nCの等しいが対向する一対の点電荷からなり、2.0cmの距離で隔てられている。電荷の中間にある点の電界強度はどれか?,0,9.0×10^4V/m,1.8×10^5V/m,7.2×10^5V/m,D
2つの孤立した粒子AとBが4m離れている。粒子Aは2Qの正味電荷を持ち、BはQの正味電荷を持つ。Aにかかる電気力とBにかかる電気力の大きさの比はどうなるか?,4:1,2:1,1:1,1:2,C
滑らかな水面の池に岩が落ちた。しばらくして、岩の衝突によって生じた波が岸に到達し、水辺を歩いている子供の足首に触れた。子どもの足首に当たる波の部分が、岩の衝突によって最初に波が発生したときよりも少ないエネルギーしか持っていないという証拠となる観察は、次のうちどれか?,波の動きが遅くなっている。,波のパルスの幅が大きくなった。,波のパルスの幅が小さくなった。,波の高さが小さくなった。,D
物理学の学生たちは、テニスボールを落として6メートル落下させ、フォトゲートを通過させたときの速度を測定することで、等加速度運動の公式を確認している。予測された速度はフォトゲートで測定された速度より20%高い。この大きな差の原因として最も適切なものはどれか?,ボールは落下中に形を変える。,ボールの落下中に重力加速度が変化する。,空気抵抗がボールの加速度を増加させる。,ボールの加速度は速度によって変化する。,D
水星は地球年の約5分の1で太陽の周りを回っている。地球から太陽までの距離を1AUとすると、水星から太陽までのおおよその距離はどうなるか?,(1/25)AU,(1/9)AU,(1/5)AU,(1/3)AU,D
グラビトロンは大きな円筒のような見た目の遊園地の乗り物である。回転が始まるとき、人々は円筒の中で壁に背中をつけて立っている。最終的には、誰も落ちることなく床を取り外すことができるほど速く回転する。このとき、人の衣服と壁との間の摩擦係数をμ、接線速度をv、乗り物の半径をRとすると、人がこの乗り物に安全に乗るための最大質量はいくらか?,μv^2/(rg),r^2v^2/(μg),rg/(μv^2),上記のどれでもない。,D
人工衛星が大気圏の真上を一定の速度で円を描くように地球を周回している。小さな流星が軌道上の点Pで衛星に衝突し、衛星の速度を1%増加させたが、衛星の速度の瞬間的な方向は変わらなかった。衛星の新しい軌道について説明しているものはどれか?,衛星は現在、楕円軌道を回っており、Pが地球から最も離れた点。,衛星は現在、楕円軌道を回っており、Pが地球に最も接近する点。,衛星は現在、より半径の大きな円軌道を回っている。,衛星は現在、より半径の小さい円軌道を回っている。,B
