Arno社は、期末前に行った商品の掛買いを計上していなかった。しかし、その商品は期末実地棚卸高に正しく含まれていた。商品仕入の計上漏れは、Arno社の期末貸借対照表にどのような影響を与えたか? 資産 負債,影響なし 影響なし,影響なし 過少計上,過少計上 影響なし,過少計上 過少計上,B
監査サンプリングリスクに関する次の記述のうち、非上場企業にとって正しいものはどれか?,非サンプリングリスクは、実証手続が一つのサンプルに限定されている場合、監査人が母集団の各項目をテストした場合と結論が異なる可能性から生じる。,非サンプリングリスクは、監査人が虚偽記載を認識できなかったために生じる可能性がある。,サンプリングリスクは、特定のリスクに対して監査手続を適用する際の不確実性から生じる。,サンプリングリスクには、特定の目的を達成するために適切でない監査手続を選択する可能性が含まれる。,B
後発事象に関して、監査人が一般的に実施する手続はどれか?,期末日前に発注され、期末日後に到着した棚卸資産を検査する。,過去に不適切であると経営者に報告された内部統制活動をテストする。,年末から数カ月間、クライアントの締切日の銀行取引明細書をレビューする。,入手可能な最新の中間財務諸表と監査対象の財務諸表を比較する。,D
FASBが会計基準コーディフィケーションの変更のために公表するのはどれか?,会計基準アップデート,発生問題専門委員会リリース,財務会計基準書,スタッフ技術速報,A
現在500ドルの投資プロジェクトは、5年目と10年目に500ドルの利益を生み出す。割引率が10%の場合、プロジェクトのNPVはどれくらいになるか?,-3ドル,-27ドル,3ドル,500ドル,C
7年目の7月1日、Dean社は12年7月1日を償還期限とする社債をプレミアムとして発行した。Dean社は、プレミアムの償却に実効金利法ではなく定額法を誤って使用した。12年目の6月30日現在の以下の金額は、この誤りによってどのような影響を受けたか? 債券の帳簿価額　内部留保,過大計上 過少計上,過少計上 過大計上,過大計上 影響なし,影響なし 影響なし,D
クーポン5％、利回り6％の3年債（額面100ドル）の価格は?,100ドル,104.29ドル,96.71ドル,97.33ドル,D
ある会社が最近新しいビルに移転した。旧社屋は売却のため積極的に販売されており、会社は4カ月以内に売却を完了する予定である。旧社屋に関する以下の記述のうち、誤っているものはどれか?,売却目的で保有する資産に再分類される。,流動資産に分類される。,それ以上減価償却は行わない。,取得原価で評価する。,D
"カーソンはC法人の発行済み株式の40%を所有していた。ある課税年度において、この法人は400,000ドルの課税所得を計上し、株主に合計70,000ドルの現金配当を行った。カーソンは、個人確定申告書に28,000ドルの総所得を正確に申告した。この法人がS法人であり、所有者への配当が比例配分であった場合、カーソンは個人申告書にいくらの所得を申告したか?","28,000ドル","132,000ドル","160,000ドル","188,000ドル",C
ある投資は、年間10ドルを永遠に払い続ける。市場割引率が5％の場合、その投資の価値はいくらか?,100ドル,2ドル,500ドル,200ドル,D
"スミスの調整後総所得(AGI)は、賃貸不動産活動から生じた損失40,000ドルを考慮しない場合、120,000ドルである。スミスは賃貸不動産活動に積極的に参加している。スミスが課税所得を決定する際に控除できる賃貸損失の額はいくらか?",0ドル,"15,000ドル","20,000ドル","40,000ドル",B
次のうち、公認会計士事務所の会計監査業務に適用される品質管理方針及び手続の要素はどれか?,エンゲージメント・パフォーマンス,リスク分析,資産の保護,情報処理,A
"ある会社は3月中に10,000ユニットの完成品を製造すると予測していた。直接労務費基準では、完成品1ユニットに必要な直接労務時間は2.4時間、標準賃金は1時間当たり20ドルで、完成品1ユニット当たり合計48.00ドルであった。3月中、会社は実際に9,000ユニットの完成品を製造した。生産には完成品1個当たり2.5時間の労働時間を使用し、会社は1時間当たり21ドル、合計完成品1個当たり52.50ドルを実際に支払った。3月の直接労務単価の差額はいくらか?","18,000ドル","22,500ドル","25,000ドル","40,500ドル",B
完全雇用GDPは1.3兆ドル、実質GDPは1.2兆ドルである。限界消費性向は0.8である。インフレを無視した場合、完全雇用を生み出すために必要な政府支出の増加は?,1000億ドル,800億ドル,200億ドル,100億ドル,C
次の監査証拠のうち、信頼性の保証が最も低いものはどれか?,クライアントの顧客から受領した売掛金確認書,クライアントの従業員が記入した、番号付きの受領報告書,クライアントから入手した前月の銀行取引明細書,クライアントの名前で作成された固定資産税の請求書。,B
"2年目に、Pipp社は、低リスクの定型的なコンピュータソフトウェア製品を開発・製造するために、以下の費用を負担した。 プログラム詳細設計の完了 10,000ドル 技術的実現可能性を確立するためのコーディングとテストに要した費用 15,000ドル 技術的実現可能性を確立した後に発生したその他のコーディングとテストに要した費用44,000ドル Pipp社の2年目の12月31日の貸借対照表において、ソフトウェア原価として資産計上すべき金額はいくらか?","10,000ドル","25,000ドル","44,000ドル","59,000ドル",C
ある会計士は、非上場企業の財務諸表を編集する業務において、経営陣が土地を鑑定評価額で表示していたこと、また、GAAPに従っていれば土地勘定と株主資本の両方が100万ドル減少していたことを知った。経営者は財務諸表を修正しないため、会計士は標準的なコンピレーション報告書を修正することを決定した。このような状況下で、会計士が行うべきものはどれか?,GAAPからの逸脱の重要性に応じて、不適正意見または限定付適正意見のいずれかを発行する。,会計士の報告書に、財務諸表の配布を「内部使用のみ」に制限する別段落を追加する。,会計士の報告書に、GAAPからの乖離と財務諸表への影響を開示する別段落を追加する。,会計士の報告書に、資産を取得原価で計上する基本的な目的を説明する別の段落を追加する。,C
UCCの販売条に基づき、特定目的に対する黙示の適合性保証が物品販売取引においてどのように生じるかを最も適切に説明しているのは、次の状況のうちどれか?,買い手が特定の目的のために商品を購入しており、適切な商品を選択するために売り手の技術または判断に依存している。,買い手は特定の目的のために商品を購入しており、売り手はそのような商品の商人。,売主は買主が商品を使用する特定の目的を知っており、買主が適切な商品を選択するために売主の技能または判断に依存していることを知っている。,売主は買主が商品を使用する特定の目的を知っており、売主はそのような商品の商人。,C
監査業務を受任する前に、公認会計士は、経営者の誠実さに疑問を抱かせるような状況が存在するかどうかを評価すべきである。そのような疑義を生じさせる可能性が最も高い状況は、次のうちどれか?,企業の予測財務諸表と監査対象の財務諸表との間に著しい相違がある。,公認会計士が上級管理職の給与に関する機密情報にアクセスすることが許されない。,過去4年間、期末直前に多額の棚卸資産評価損が発生している。,公認会計士が財務諸表草案を読んでいるなかで関連当事者取引の存在に気づく。,B
情報技術（IT）システムが継続的に利用可能であることが要求されるeコマース環境では、従来型の組織よりも、次のどの点を重視して計画を立てるか?,データが紛失または漏洩した場合に再入力できるように、適切なソース文書を文書化しておく,トランザクションの流れを保証するために、即座に利用できる冗長システムを維持する,組織に必要な額の事業中断保険に加入するための追加費用を検討する,適切なデータバックアップがオフサイトの場所に保存されていることを保証する,B
"Spark社はコードレス電話機を1台125ドルで仕入れ、1台200ドルで販売している。Spark社は電話機1台につき25ドルの販売手数料を支払い、毎月の固定費は3,000ドルである。Spark社が売上の10％の利益を望むと仮定すると、スパーク社は何台売らなければならないか?",600,400,200,100,D
固有リスクと統制リスクは、次のどの点で検出リスクと異なるか?,固有リスクと統制リスクはクライアントが計算する。,固有リスクと統制リスクは監査とは無関係に存在する。,固有リスクと統制リスクは監査人によって統制される。,固有リスクと統制リスクは、重要性に関する監査人の判断の結果として存在する。,B
"Ultra社は定期棚卸法を採用している。以下は1月の在庫取引である。 1/1 開始在庫 20,000 個 13ドル 1/20 購入 30,000個 15ドル 1/23 購入 40,000個 17ドル 1/31 販売 20ドル/個 50,000個 Ultra社は在庫の価値を決定するために後入先出法を使用している。Ultra社は1月の損益計算書の売上原価としていくらの金額を計上すべきか?","710,000ドル","750,000ドル","830,000ドル","1,000,000ドル",C
1日目に、商人であるJacksonは、Sandsに扇風機500台を1台10ドルで販売するというオファーを含む署名入りの手紙を郵送した。手紙は3日目にSandsによって受け取られた。手紙には、オファーを取り消さないという約束が含まれていたが、有効期限は含まれていなかった。4日目に、JacksonはSandsにファンを販売するオファーの取り消しを郵送した。Sandsは6日目に取り消しを受け取った。7日目に、SandsはJacksonにオファーの承諾を郵送した。Jacksonは9日目に承諾を受け取った。UCCの販売条項に基づいて、契約は成立したか?,オファーに有効期限が記載されていなかったため、契約は成立しなかった。,Sandsがオファーを受け入れる前にオファーの撤回を受けたため、契約は成立しなかった,JacksonがSandsの承諾を受けた日に契約が成立した。,契約は、SandsがJacksonに受領書を郵送した日に成立した。,D
Elan社には2人の従業員がいる。各従業員には毎年2週間の有給休暇が与えられる。休暇の権利は蓄積される。週給600ドルの従業員の一人はその年に2週間の休暇を取得したが、週給800ドルのもう一人の従業員はその年に休暇を取得しなかった。年末の財務諸表において、Elan社は休暇負債および休暇費用としていくらの金額を計上すべきか? 負債 費用,"1,600ドル 1,200ドル","1,600ドル 2,800ドル","0ドル 1,200ドル","0ドル 2,800ドル",B
連邦失業税法に関する次の記述のうち、正しいものはどれか?,理由に関係なく退職した従業員は、失業給付を受ける資格がある。,連邦失業制度は、雇用者と被雇用者の両方の税金によって賄われている。,この法律は、永続的に失業し、自活するために支援を必要とする労働者を支援することを目的としている。,失業保険制度は、各州が自らの雇用法を通じて運営している。,D
"AQRパートナーシップが設立された際、パートナーのAcreは、パートナーシップの3分の1の持分と引き換えに、適性市場価格100,000ドル、課税標準額60,000ドルの土地を拠出した。AQRパートナーシップ契約書には、各パートナーがパートナーシップの利益と損失を等しく分配することが明記されている。事業開始初年度に、AQRは土地を無関係の第三者に160,000ドルで売却した。この売却の適切な税務処理は?","各パートナーは33,333ドルのキャピタルゲインを計上する。","100,000ドルの利得の全額をAcreに特別に配分しなければならない。","最初の40,000ドルの利得はAcreに配分し、残りの60,000ドルの利得は他の2人のパートナーが均等に分配する。","最初のドル40,000の利得はAcreに配分され、残りの60,000ドルの利得はパートナーシップの全パートナーによって均等に分配される。",D
顧客との関係を受け入れるか継続するかを決定するための品質管理方針および手順を確立する目的は次のうちどれか?,担当者が責任を果たすために十分な訓練を受けていることを合理的に保証する。,経営者が誠実さに欠けるクライアントと関係を持つ可能性を最小限にする。,監査委員会への伝達が要求される事項を文書化する。,クライアントの事業及びその業界に関する監査人の理解を深める。,B
利回りが4％の場合、利札のない5年債（額面100ドル）の価格はいくらか?,100ドル,85ドル,82ドル,75ドル,C
"Vital社は発生主義による暦年課税のC法人である。2年目の連邦税引前帳簿利益は500,000ドルであった。この金額には以下の項目が含まれている。 1年目の州フランチャイズ税還付金50,000ドル 地方債利息収入 7500ドル 米国法人所得税申告書Form 1120のSchedule M-1で調整されるVital社の2年目の課税所得はいくらか?","500,000ドル","492,500ドル","450,000ドル","442,500ドル",B
"ある実務家が、売りに出されている倉庫の面積が150,000平方フィートであるという経営者の主張について意見を述べることになった。実務家は、専門的な指針として、次のどの情報源を参照すべきか?",監査基準書,保証業務基準書,会計・レビュー業務基準書,コンサルティング業務基準書,B
"Swift社は、12月31日に終了した2年目のSwift社の一般目的財務諸表において、個別の開示が必要となる可能性のある3つの事業セグメントを特定した。2年目の情報は以下の通りである。 セグメント （単位：千ドル） A B C 合計 報告収益 42ドル 121ドル 14ドル 177ドル 報告利益（損失） 12ドル 65ドル (3)ドル 74ドル 資産 470ドル 800ドル 80ドル 1,350ドル Swift社のセグメントのうち、12月31日に終了する2年目の財務諸表で個別開示が必要とされるのはどれか?",AとBのみ。,AとCのみ。,BとCのみ。,AとBとC。,A
会計原則の変更があったが、その変更が財務諸表の比較可能性に及ぼす影響が重要でない場合、監査人がするべきことはどれか?,監査報告書でその変更に言及しない。,財務諸表で変更を説明した注記を参照する。,重要事項強調段落で変更に言及する。,変更がGAAPに準拠しているかどうかを明示する。,A
ロングは、個人事業主であるフロストの購買代理人であった。ロングはフロストのサプライヤーに発注する明確な権限を持っていた。ロングはインターネット上でビジネスを行い、フロストとはほとんど接触していなかった。フロストが司法手続きで無能力と宣告された後、ロングはフロストに代わってGrant社に発注した。ロングもGrant社もフロストが無能力であることを知らなかった。フロストまたはフロストの法定代理人は、Grant社に対して責任を負うか?,はい、ロングの代理権はフロストが無能でも存続していたため。,はい、フロストの無能力に関係なく命令は有効であったため。,いいえ、Grant社はロングとしか取引していなかったため。,いいえ、ロングには契約を締結する権限がなかったため。,D
外部監査人が内部監査人の能力を評価する際に、最新の情報を入手すべき要素はどれか?,内部監査人の組織内における報告上の地位。,内部監査人の教育レベル及び職業経験。,内部監査人が、親族が雇用されている領域を監査することを方針で禁じているかどうか。,取締役会、監査委員会、またはオーナー経営者が、内部監査人に関する雇用決定を監督しているかどうか。,B
監査人が貸借対照表日までに実施する可能性が最も高い手続はどれか?,クライアントの弁護士に、主張する可能性のある訴訟がすべて監査人に開示されていることを確認する。,クライアントの内部統制活動について理解を得る。,担保に供されている資産に先取特権や担保権があるかどうかを判断する。,クライアントが差し迫った購入契約やキャッシュ・フロー債務を履行するための計画と能力を検討する。,B
証券A、B、Cの期待リターンはそれぞれ7％、12％、5％である。証券AとCで構成される均等加重ポートフォリオの期待リターンはいくらか?,10％,8.50％,6％,12,C
Lei-Feng社の額面100ドルの優先株式は、1株当たり10ドルの年間配当を支払ったばかりである。この優先株式の現在の市場価格は1株96ドルである。会社の限界税率（連邦と州を合わせた）は40％であり、会社は現在の資本構造を将来も維持する予定である。Lei-Feng社に対する優先株式の構成コストに最も近いものはどれか?,6％,6.25％,10％,10.4％,D
"今年度、ポプラ市は未償還の一般債の利子5,000ドルと元金20,000ドルを支払った。この支払いは、同じ年の初めに一般会計から繰り入れた現金を使って、元利償還資金から行われた。この支出はどのように計上されるか? 一般資金 元利償還資金 恒久基金","25,000ドル 25,000ドル 0ドル","0ドル 25,000ドル 20,000ドル","25,000ドル 5,000ドル 0ドル","0ドル 25,000ドル 0ドル",D
"ある会社が、評価額50,000ドル、取得原価20,00ドルの土地を、公正価値55,000ドルの機械と交換した。この取引に商業的実体があると仮定した場合、交換差益はいくらになるか?",0ドル,"5,000ドル","30,000ドル","35,000ドル",C
ある投資プロジェクトに100万ドルを投じ、5年後に200万ドルを回収する。割引率は10％である。このプロジェクトのNPVはいくらか?,100万ドル,30万ドル,200万ドル,24万2000ドル,D
"ブラウンはロイヤルの州立銀行に対する50,000ドルの手形に連帯署名した。ロイヤルが後に精神上の無能力者と判断された場合、ブラウンの手形責任はどうなるか?",手形の支払期日に州に支払う義務がある。,州が最初にロイヤルに対して支払いを求めた場合にのみ、州に対して支払う義務がある。,ロイヤルの無能力によりロイヤルは保証人として免責されるため、州に対して支払う義務はない。,ブラウンが補償保証人でない限り、国に支払う義務はない。,A
1月1日、ある会社はオフィススペースのオペレーティングリースを契約し、賃借権の改良を行うために物件の管理を受ける。会社は3月1日に物件の改修を開始し、5月1日に社員が入居する。毎月の賃料の支払いは7月1日に開始される。新しいオフィスの賃借費用の認識は、次のどの月から開始すべきか?,1月,3月,5月,7月,A
監査人が企業の財務諸表に重要な虚偽記載があると疑う可能性が最も高い状況はどれか?,企業の記録と確認書との間に異常な不一致がある。,経営者は、企業の各部門の監督者に対して厳格な予算管理を実施している。,現金取引が電子的に処理され、記録されるため、紙の監査証跡が残らない。,月次の銀行照合に、いつも数枚の多額の未渡小切手が含まれている。,A
ある納税者が、自身の生命保険契約を購入し、その所有者となり、2人の子供を同等の受取人に指定した。納税者はすべての保険料を支払っている。贈与税の対象となる財産の贈与があった場合、その贈与は何回行われたか?,ゼロ。,1。,2。,3。,A
ウィンダミア市は、発電用の大型風車を数基建設することを決定した。建設資金は、今後10年間の一般住宅固定資産税の課税によって賄われる。光熱費収入は、風車に関連するすべての経費を相殺することを予定している。風車用の土地は地元の農家から市に寄付された。農家からの土地は、どの資金タイプに計上されるべきか?,特別会計,資本事業,企業会計,永久,C
"デッカー（62歳独身）は、売却経費をすべて差し引いた正味の金額500,000ドルで、自宅を売却した。デッカーは15年前にこの家を購入し、売却するまで居住していた。売却日時点の住宅の取得原価は200,000ドルであった。デッカーは6ヶ月以内に新しい家を600,000ドルで購入した。デッカーが住宅の売却により認識すべき利益はいくらか?",0ドル,"50,000ドル","175,000ドル","300,000ドル",B
公開会社の累積型優先株式の保有者は、常に次のどの権利を有するか?,優先株式の普通株式への転換。,議決権。,配当が支払われなかった年の繰越配当。,配当の保証。,C
SECによって発行体の監査委員会のメンバーに禁止されていることはどれか?,従業員が匿名で不正を報告するための手続を確立すること。,監査報告書を提供するために登録者によって雇用された登録会計事務所の報酬に責任を持つこと。,取締役会メンバー以外のサービスに関して、登録者からコンサルティング料、顧問料、またはその他の報酬を受け取ること。,職務を遂行するために必要とみなされる独立した弁護士を雇うこと。,C
"合理的でリスク回避的な投資家の視点を想定して、以下の（リスクとリターン）ペアを最も不利なものから最も好ましいものの順に並べなさい： (2,2)、(2,3)、(4,2)。リスクは標準偏差で、リターンはパーセンテージで測定する。ヒント：X軸に標準偏差、Y軸にリターンをとった散布図を想像すること。","(4,2)、(2,2)、(2,3)","(2,2)、(2,3)、(4,2)","(2,2)、(4,2)、(2,3)","(2,3)、(2,2)、(4,2)",A
"Sussman社は、1月31日に終了した月の現金主義財務諸表を作成した。Sussman社の1月の活動の概要は以下の通りである： 信用売上高5,600ドル。1月の信用販売に関連する1,900ドルの回収。未払給与1,200ドル。これらの活動を発生主義に修正した結果、1月31日に終了した月のSussman社の現金主義による利益はいくら増加するか?","2,500ドル","3,700ドル","4,400ドル","4,900ドル",A
COSOによる内部統制を監視する効果的なアプローチに含まれないものは次のステップのうちどれか?,監視のための基盤の確立。,財務報告の信頼性を高め、適用される法令を遵守する。,組織の目的を達成するために、リスクに基づいて優先順位をつけたモニタリング手順を設計し、実行する。,必要に応じた是正措置のフォローアップを含む、結果の評価と報告,B
1年目の6月1日に発行された社債の利払日は4月1日と10月1日である。1年目の12月31日に終了した年度の社債利息は次のうちどれか?,3ヵ月分,4ヵ月分,6ヵ月分,7ヵ月分,D
財務諸表監査で使用するテストの性質を決定する際に考慮すべき重要な事項はどれか?,詳細なテストは、通常、低いレベルの保証を提供する。,分析的手続は、保証を得るための非効率な手段。,特定の監査業務に適用される手続は、監査人の専門的判断事項。,統制テストの利用は、要求される保証のレベルに関係なく検討されるべき。,C
1月1日、Studio Partnershipの資本損益におけるパートナーの持分は以下の通りであった。 パートナー 割合 Ross 15% Stone 35% Taylor 50% 4月9日、Stone は全持分を Taylor に売却した。税務上、Studioのパートナーシップとしての地位に関する以下の記述のうち正しいものはどれか?,Studioは1月1日に終了した。,Studioは4月9日に終了した。,Studioは12月31日に終了した。,Studioは終了しなかった。,D
次のうち、ジャストインタイム（JIT）方式と従来の製造アプローチの大きな違いはどれか?,JITアプローチでは通常、多数のサプライヤーが関与するが、従来のアプローチは通常、少数のサプライヤーしか関与しない。,JITアプローチでは集中購買が必要であるのに対し、従来のアプローチでは生産従業員による購買決定を奨励している。,JITアプローチは押し出し方式を使用するが、従来のアプローチは引っ張り方式を使用する。,JITアプローチは低い在庫水準で運営されるが、従来のアプローチは高い在庫水準で運営されることがある。,D
"1年目の1月1日、ある会社が1億ドルの設備を購入した。この設備は4つの主要部品で構成され、そのうち2つの部品が総費用の80%を占め、それぞれの耐用年数は20年である。残りの2つの部品はそれぞれ1,000万ドルの原価を有し、そのうちの1つの耐用年数は4年、もう1つの耐用年数は5年である。同社はこの設備に原価モデルを適用し、定額法による減価償却を行っている。IFRSでは、1年目の12月31日に終了した年度の減価償却費はいくらか?",400万ドル,500万ドル,800万ドル,850万ドル,D
ある会社の固定資産と関連する減価償却費は、現在パスワードで保護されたスプレッドシートで記録されている。情報技術ガバナンス委員会は、新しい全社的なシステムを設計しているが、現在のシステムは適切に機能しているようなので、現在の固定資産処理を含めるべきかどうかを判断する必要がある。委員会はどのような長期的ソリューションを推奨すべきか?,現行のスプレッドシートによる処理には問題がないため使用を続ける。,資産と関連する減価償却を管理するために、新しい固定資産システムを開発する。,資産と関連する減価償却を管理するために、独立した固定資産プログラムを購入する。,統合するために、新しいシステムの固定資産モジュールを採用する。,D
実証手続に使用する適切なサンプルの選択において監査人が母集団の階層化を行う可能性が最も高いのは次のうちどの場合か?,監査人が、年度中に経営陣による不正行為が発生したと疑っている。,統制リスクの望ましい評価水準が前年度より低い。,使用する技法が属性サンプリング。,監査人は、多額の計上額をより多く表示する予定。,D
会社の帳簿を閲覧する株主の権利に関する以下の記述のうち、正しいものはどれか?,この権利は、絶対的なもの。,"この権利は、要求する株主が少なくとも5,000ドル相当の株式を所有していることを条件とする。",この権利は、検査要求が適切な目的のためであることを要求する。,この権利は、詐欺または違法性が疑われる場合にのみ存在する。,C
公認会計士が非上場企業の財務諸表をレビューする際に通常行う手続はどれか?,現金残高の利用可能性に関する制限について経営者に問い合わせる。,内部統制の不備について企業の監査委員会に報告する。,傾向分析を検討し、公認会計士による検出リスクの評価の妥当性を判断する。,マイナスの傾向や財務上の困難に対処するための経営者の計画を評価する。,A
"Star社はコンテンポラリー家具を専門とする小売店である。以下の情報はStar社の6月の予算から抜粋したものである： 売上高 540,000ドル 売上原価 300,000ドル 商品在庫 6月1日 150,000ドル 商品在庫 6月30日 180,000ドル 仕入勘定 6月1日 85,000ドル 仕入勘定 6月30日 75,000ドル Star社が6月の仕入のために現金支出として予算計上すべき金額はいくらか?","260,000ドル","280,000ドル","320,000ドル","340,000ドル",D
"ウエストは独身で、扶養家族はなく、項目別申告はしていない。ウエストの今年度の申告に関する情報は以下の通りである： 長期キャピタル・ゲイン 15,000ドル 不動産の調整基礎額を超える比率法による減耗償却費 9,000ドル 上場企業からの配当金 10,000ドル ウエストのAMT税優遇項目の金額はいくらか?","9,000ドル","19,000ドル","24,000ドル","34,000ドル",A
ある会社の最初のIFRS報告期間は、12月31日に終了した2年目である。2年目の財政状態計算書の作成中に、経営陣は9万ドルの損失発生が計上されていない誤りを発見した。損失発生のうち4万ドルは1年目の事象に関連し、5万ドルは2年目の事象に関連している。IFRS第1年12月31日の財政状態計算書において、会社はどの額の損失発生を計上すべきか?,0ドル,"40,000ドル","50,000ドル","90,000ドル",B
プロジェクトが受け入れられるべきなのは、プロジェクトからのキャッシュフローの現在価値が以下のどの場合か?,初期投資額と等しい。,初期投資額より小さい。,初期投資額より大きい。,ゼロに等しい。,C
"Guldeが現金12,000ドルと土地10,000ドルの清算分配を受けた時点では、Chyme Partnershipに対するGuldeの課税標準は26,000ドルであり、Chymeに対する修正標準は10,000ドル、公正市場価値は30,000ドルであった。Chymeには、未実現利益、含み益のある棚卸資産、パートナーから拠出された不動産はなかった。Guldeの土地の基礎額はいくらか?",0ドル,"10,000ドル","14,000ドル","30,000ドル",C
"当期、Verity社はOtra社の社債200,000ドルを額面金額で購入し、米国財務省短期証券50,000ドルを購入した。Verity社はOtra社債券を売却可能有価証券に、財務省短期証券を現金同等物に分類した。Verity社のキャッシュ・フロー計算書において、投資活動に使用した純現金として計上すべき金額はいくらか?",0ドル,"150,000ドル","200,000ドル",250000ドル,C
後任監査人が前任監査人に監査契約締結後に提出を求めるものはどれか?,重要な会計方針及び会計原則に関する前任監査人と経営者との間の意見の相違,監査人交代の理由についての前任監査人の理解,前任監査人が知っている、経営者の誠実性に関わる可能性のある事実,当期と過年度の財務報告の整合性の評価を容易にする事項,D
2年目の12月1日現在、ある会社は、1年後に満期を迎える100万ドルの融資枠を取得し、25万ドルを引き出している。また、年5回の分割払いを期限とする75万ドルの担保付手形、および30万ドルの3年物バルーン・ノートを発行している。同社には他に負債はない。12月に負債の返済が行われなかった場合、2年目12月31日の分類された貸借対照表において、同社の負債はどのように表示されるべきか?,流動負債100万ドル、固定負債105万ドル,流動負債50万ドル、固定負債155万ドル,流動負債40万ドル、固定負債90万ドル,流動負債50万ドル、固定負債80万ドル,C
"Grant社の販売予算は、12月31日までの1年間で以下のように予測されている： 四半期 ユニット 第1 30,000 第2 40,000 第3 22,500 第4 27,500 合計 120,000 年初めの在庫は9,000ユニットの予算であった。各四半期末の完成品在庫の数量は、翌四半期の予算売上個数の30%に等しい。第1四半期に生産されるユニットについて、生産予算はいくら計上すべきか?","36,000","33,000","24,000","12,000",B
"ジョンソンはABC社に勤務し、100,000ドルの給与を得ていた。ジョンソンはまた、フリンジ・ベネフィットとして、ジョンソンの給与の2倍の団体生命保険にも加入していた。IRSが設定した年間一律保険料は1,000ドルあたり2.76ドルである。ジョンソンが総所得に含めなければならない金額はいくらか?","100,000ドル","100,276ドル","100,414ドル","100,552ドル",C
"ValeはBall Partnershipの50% のパートナーである。1月2日時点におけるValeのBallに対する課税標準は60,000ドルであった。Ballには、未実現利益、含み益のある棚卸資産、またはパートナーから拠出された不動産はなかった。1年目の12月31日に、Ballは各パートナーに10,000ドルの非清算現金分配を行った。Ball Partnershipの所得税申告書には、1年目に以下の項目が計上されていた。 非課税利子所得 80,000ドル 配当所得 12,000ドル Ballからの総所得のうち、Valeの1年目の調整後総所得に含めるべき金額の合計はいくらか?","6,000ドル","16,000ドル","36,000ドル","46,000ドル",A
ある会社の1年目の12月31日に終了した年度の財務諸表について監査を実施する際、監査人は、会社の売上高が1年目の12月に大幅に増加し、それに対応して2年目の1月に減少していることに気づいた。不正な財務報告又は資産の横領のリスクを評価する際、売上高における不正の可能性について、監査人は最初に何を指摘すべきか?,資産の不正流用の可能性が広範にある。,企業資産の窃盗の兆候がある。,領収書の横領の兆候がある。,財務報告に関する不正の可能性が広範にある。,D
あるワラントが普通株式1株を購入する権利を持ち、普通株式1株につき20ドルで行使可能である一方、1株の市場価格が30ドルである場合、ワラントの理論的価値は以下のどれになるか?,20.00ドル,10.00ドル,5.00ドル,0.00ドル,B
監査人が、棚卸資産の金額などの母集団の数値測定値を推定するために使用するサンプリング方法はどれか?,変数サンプリング,発見サンプリング,属性サンプリング,乱数サンプリング,A
ある組織のエンドユーザー・コンピューティング（EUC）ポリシーを検討した後、内部監査員が保険数理部門を監査し、いくつかの最低管理要件が欠けていることに気づいた。不正確な可能性のあるエンドユーザーが開発したファイルを使用するリスクはどれか?,経営陣が、メインフレームシステムから生成されたファイルと同程度の信頼性をそのファイルに置く。,EUCファイルの柔軟性に欠けるため、経営陣は意思決定のための限られた情報しか得られない。,経営陣は、競争圧力に迅速に対応できない。,経営陣は、EUCを使用してタスクを実行するのに多くの時間を要するため、追加コストが発生し続ける。,A
次の事象のうち、関連当事者取引の存在を示す可能性が最も高いものはどれか?,主要役員の生命保険に加入し、企業を受取人として記載する。,不動産を評価額と著しく異なる価格で売却する。,特定の返済期限を定めた融資を行う。,主要役員に有利な価格でストックオプションを付与する。,B
当期の減価償却累計額勘定に多額の借方計上があったことについて経営陣に質問した監査人を最も納得させる説明はどれか?,過年度の減価償却費を誤って過少に計上した。,当年度の減価償却費を誤って過少に計上した。,工場資産の見積残存耐用年数を上方修正した。,当期中に工場資産を除却した。,D
非政府の非営利団体であるZokroは、キャッシュ・フロー計算書の作成に間接法を用いている。営業活動によって得られた（使用された）ネットキャッシュを決定する際、Zokroは次のうちどれを純資産の変動に加えなければならないか?,設備の購入,長期借入金の返済,減価償却費,買掛金の減少,C
ある企業の新しい勤務時間処理では、時間給従業員は識別番号を選択し、出勤または退勤ボタンを選択する必要がある。このシステムを使用する従業員はビデオカメラで撮影される。新システムによって最も変化が少ないと考えられるエクスポージャーはどれか?,従業員自身の勤務時間の不正報告,従業員の残業時間計算の誤り,従業員の勤務時間の不正確な計上,他の従業員の勤務時間の記録,B
ある公認会計士がタックス・シェルター取引を含む税務申告書を作成し、申告で発覚した。申告書作成者に対するペナルティーが適用されないのは、次のうちどれか?,そのポジションに十分な根拠があった。,そのポジションが支持されない可能性が高いと考えるのが妥当。,そのポジションが成功する合理的な可能性があった。,そのポジションには合理的な根拠があった。,B
"Ace社は、額面10ドルの普通株式1,000株を1株当たり15ドルの現金で発行した。この取引は、発行年度のAceのキャッシュフロー計算書においてどのように報告されるべきか?","財務活動によるキャッシュインフロー15,000ドル。","財務活動によるキャッシュインフロー10,000ドル、営業活動によるキャッシュインフロー5,000ドル。","投資活動によるキャッシュフロー15,000ドル。","投資活動によるキャッシュフロー10,000ドル、営業活動によるキャッシュフローに達する調整5,000ドル。",A
"Toft社は1月1日現在、120,000株の普通株式を発行していた。4月1日に普通株式40,000株を追加発行した。年間を通じて10,000株の非転換型優先株式が発行されており、その年間配当金は1株につき5ドルであった。当期純利益は480,000ドルであった。Toftが報告すべき年間の1株当たりの利益はいくらか?",2.69ドル,2.87ドル,3.00ドル,3.2ドル,B
"Smile社は5月1日にコンピュータを12,000ドルで購入し、見積残存価額は1,500ドル、耐用年数は3年である。12月31日に終了した年度の二重定率法による減価償却費はいくらか?","8,000ドル","7,000ドル","5,333ドル","4,667ドル",C
ある会計士が、非上場企業の財務諸表をレビューする契約を締結している間に、資産計上されるべきなのに資産計上されていないリースが複数あることに気付いた。会計士は、これらのリースが財務諸表にとって重要であると考える。会計士は、経営者がリースを資産計上しないため、標準的なレビュー報告書を修正することを決定した。このような状況下で、会計士がすべきことはどれか?,GAAPからの乖離を理由に不適正意見を表明する。,企業の財務諸表について、いかなる保証も表明しない。,財務諸表は限定的な使用に制限されることを強調する。,GAAPからの乖離を会計士の報告書の別の段落で開示する。,D
Cobb社の5月1日時点の在庫は200個で、総原価は1250ドルであった。Cobb社は定期棚卸法を採用している。当月の仕入は以下の通りである： 日付 個数 ユニットコスト 総原価 5月4日 20 5.80ドル 116.00ドル 5月17日 80 5.50ドル 440.00ドル Cobb社は5月14日に10個を120ドルで販売した。コブの5月の加重平均売上原価はいくらか?,60.20ドル,62.10ドル,62.50ドル,65ドル,A
以下の情報はDash社の公共料金請求書に関するものである： 対象期間 支払い金額 支払い日 4月16日～5月15日 5000ドル 6月1日 5月16日～6月15日 6000ドル 7月1日 6月16日～7月15日 8000ドル 8月1日 Dash社が6月30日の貸借対照表で負債として計上すべき金額はいくらか?,"6,000ドル","7,000ドル","10,000ドル","14,000ドル",C
配偶者が1年目の12月31日に死亡した。夫婦に扶養家族はいなかった。2年目の生存配偶者の申告資格はどうすべきか?,独身,夫婦合算申告,適格寡婦,世帯主,A
"連続工程で単一製品を生産しているある会社の4月1日の仕掛品はゼロであった。4月中に10,000個の生産が開始され、9,000個の生産が完了した。期末仕掛品在庫は、材料については完了しており、転換については50%完了していた。直接材料費は114,000ドル、直接労務費は38,000ドルであった。製造間接費は直接材料の50％の割合で割り当てられる。4月に製造された商品の原価を決定する目的で、完成品換算量あたりの原価はいくらか?",23.22ドル,21.40ドル,20.90ドル,15.4ドル,B
2年目の5月15日に死亡した納税者の連邦相続税申告書（Form 706）の期限は、期限延長申請書が提出されなかったと仮定した場合、何日か?,2年目の9月15日,2年目の12月31日,3年目の1月31日,3年目の2月15日,D
7月1日、Alto社は、1株当たりの公正価値が100ドルであったときに、その普通株式を5株に対して1株に分割した。分割前、Alto社は額面10ドルの1万株の発行済み株式を保有していた。分割後、株式の額面価格はどうなるか?,10ドルのまま。,8ドルに減額された。,5ドルに減額された。,2ドルに減額された。,D
監査人が発行体の上級管理職に対するストックオプションの付与に関する実体手続を実施する際に行う可能性が最も高いのはどれか?,実際にオプション保有者であるかどうかについて、これらの管理職に確認する。,発行者の給与及び人事記録におけるオプション保有者の存在を確認する。,付与されたオプションの権限を取締役会の承認までたどる。,オプションが適切に報告されているかどうかを判断するために、SECの公開記録を確認する。,C
監査人の明細テストの目的が売上の過大計上を発見することである場合、監査人はどの取引を追跡すべきか?,売上仕訳帳から出荷書類まで。,出荷書類から現金受取仕訳帳まで。,現金受取仕訳から顧客の注文書まで。,顧客の発注書から売上仕訳帳まで。,A
将来の代替用途がない研究開発費の会計処理に用いるべき方法はどれか?,すべての費用を発生時に費用計上する。,すべての費用を発生時に資産計上する。,経営者が指定した費用は資産計上し、それ以外の費用は費用計上する。,将来の便益の有無が確定するまで、すべての費用を株主資本の独立した構成要素に蓄積する。,A
資産または負債の公正価値を決定するために使用できるレベル2の観察可能なインプットとみなされないものはどれか?,活発でない市場における同一の資産および負債の相場価格,活発な市場における類似の資産および負債の相場価格,関連する資産または負債について内部で生成されたキャッシュフロー予測,一般的に引用される間隔で観測可能な金利,C
ある業界の競争価格よりも高い価格を外部顧客に設定する価格設定方針はどれか?,談合価格設定,二重価格設定,略奪的価格設定,移転価格設定,A
どのような行動を取っても変えられない、避けられない過去のコストを表す用語は?,プライムコスト,サンクコスト,機会費用,増分費用,B
地方自治体の一般目的の外部財務報告において、必要な補足情報の一部とみなされるものはどれか?,基金財務諸表,結合非主要資金計算書,財務諸表に対する注記,経営成績の検討と分析,D
株式リターンと市場リターンの間の単純な線形回帰について正しいものはどれか?,誤差にフィットし、株式のベータのより正確な推定値を得る。,株式のアルファ、すなわちその特異的要素を最小化する。,株式リターンのアルファと市場リターンへの依存度を推定する。,市場リターンを、株式リターンとそのベータ値の関数としてモデル化する。,C
次のうち、デリバティブとみなされる金融商品はどれか?,オプション取引,地方債,銀行預金証書,マネー・マーケット・ファンド,A
会計士が予測財務諸表を作成する場合、会計士の報告書に含めるべき独立したパラグラフはどれか?,過去の財務諸表に関するいかなる保証も放棄する。,結果が予測範囲内に収まるという限定的な保証を表明する。,予測の有用性の限界を記述する。,予測の作成に使用した仮定を評価する。,C
"アダム・スミスは、475,000ドルの機械を購入し、ピン工場の自動化を検討している。輸送と設置には5,000ドルかかる。スミスは、自動化により、スクラップの削減により年間45,000ドル、人件費の削減により年間65,000ドルの節約になると計算した。この機械の耐用年数は4年で、MACRSの減価償却では3年資産に分類される。この機械の最終的な残存価額の見積もりは120,000ドルである。会社の限界税率は34％である。0期における増加キャッシュ・アウト・フローに近いものはどれか?","280,000.00ドル","380,000.00ドル","480,000.00ドル","580,000.00ドル",C
会計士が重要でない直接の財務上の利害関係を有する非上場企業のためにコンピレーション業務を行うよう要請された場合、その会計士について正しいものはどれか?,非上場企業との財務上の利害関係が重要でないため、独立している。,独立しておらず、そのため、財務諸表に関連付けられない。,独立しておらず、そのため、コンピレーション報告書を発行してはならない。,独立しておらず、そのため、コンピレーション報告書を発行することはできる。ただし、レビュー報告書を発行することはできない。,D
"AstonとBeckerはABパートナーシップの対等なパートナーである。その課税年度において、パートナーシップの経常利益は20,000ドルであり、パートナーシップは12,000ドルの長期キャピタル・ゲインを得た。AstonのABに対する課税標準は40,000ドルであり、アストンはその年に5,000ドルの分配を受け取った。ABの経常利益のうちAstonの取り分はいくらか?","10,000ドル","15,000ドル","16,000ドル","18,500ドル",A
非上場企業の財務諸表をレビューする業務において、会計士が実施する可能性が最も低い手続はどれか?,取締役会で取られた行動について経営陣に質問する。,予測可能なパターンに適合すると予想される財務諸表要素の関係を調査する。,重要な虚偽表示を防止または発見する可能性の高い内部統制活動を特定する。,財務諸表と予算や予測で予想される結果を比較する。,C
会計検査基準による財務諸表の調整は次のどれに限られるか?,GAAP以外の特別な目的の枠組みに準拠した会計データ,GAAPで要求される開示を実質的にすべて省略した、未監査の財務諸表,経営者の提示する財務諸表形式の情報,調査・分析手続を経た補足的財務情報。,C
株式Aのベータは0.8、株式Bのベータは1.4である。市場の期待リターンは10%、リスクフリーレートは7%である。CAPMとこの株式情報を用いて、株式AとBの必要収益率はそれぞれいくらか?,9.4%と11.2%,-2.6%と4.9%,4.3%と7.4%,6.4%と10.5,A
"Darv社の流動比率は3対1、当座比率は1対1であった。流動負債は322,000ドルであった。棚卸資産と前払費用の合計はいくらか?","322,000ドル","644,000ドル","966,000ドル","1,288,000ドル",B
包括的年次財務報告書に含まれる統計表の情報のうち、財務諸表に含まれる情報と異なる指標はどれか? 財務動向をカバーするデータ 決算期,はい はい,はい いいえ,いいえ はい,いいえ いいえ,A
財務会計基準審議会（FASB）のデュープロセス活動の一環として、FASB会計基準コーディフィケーションを改訂するために通常発行される文書は、次のうちどれか?,意見書案,会計基準アップデート案,会計調査公報案,職員会計公報案,B
外国の子会社を持つ米国の親会社の連結財務諸表を作成する場合、外国の子会社の機能通貨について正しいものはどれか?,子会社が会計記録を保持している通貨。,子会社が所在する国の通貨。,親会社が所在する国の通貨。,子会社が主にキャッシュを生み出し、支出する環境の通貨。,D
COSOの「内部統制-統合フレームワーク」の中で、内部統制が有効に機能し続けるように設計されているのは、次のどの要素か?,統制環境。,リスク評価,情報とコミュニケーション,モニタリング,D
Smythe社は、市場価格が1株当たり10ドルの時に、Gin社の額面50ドルの普通株100株のコールオプションに200ドルを投資した。オプションは3ヵ月後に失効し、行使価格は1株当たり9ドルであった。初期投資時のコール・オプションの本源的価値はいくらか?,50ドル,100ドル,200ドル,900ドル,B
内国歳入法および規則が税務申告書作成者に罰則を科さないのは次のうちどれか?,作成した申告書に税務申告者としての署名をしなかった場合。,作成した申告書のコピーを納税者に提供しなかった場合。,10年前に提出した確定申告書の不注意による誤りについて、納税者に通知しなかった場合。,過去3年間、作成した申告書のコピーまたは申告書を作成した納税者のリストを保管していなかった場合。,C
監査人が、非上場企業の財務諸表の利用者の理解に関連する事項について利用者の注意を喚起するために強調事項区分を記載する場合、監査人がすべきことはどれか?,強調事項区分が法律又は規則により要求されていることを監査報告書に記載しなければならない。,当該事項に基づいて監査意見を修正した場合には、適切な規制当局に通知する。,導入区分を修正し、読者を強調事項区に誘導する。,監査報告書の意見書の区分の直後に当該区分を含める。,D
公認会計士が、ある企業の財務諸表に重大な虚偽記載があり、不正に無限定意見書を発行した場合、公認会計士は次のどの当事者に対して責任を負うか? 会社の株主、社債権者,はい はい,はい いいえ,いいえ はい,いいえ いいえ,A
個人の繰越された受動的活動損失に関する次の記述のうち、正しいものはどれか?,"3,000ドルの繰越欠損金は、ポートフォリオの所得に対して毎年利用できる。",繰越欠損金は、利用されるまで繰り越すことはできるが、戻すことはできない。,繰越欠損金は、3年間繰り戻し、7年間繰り越す必要がある。,繰越控除を選択した場合、毎年最大50%まで繰越欠損金を使用することができる。,B
"Brill社の製品Xに関する支出は次の通りである: 試作品の製造に要した労務費および材料費 100,000ドル 試作品のテスト費用 40,000ドル 特許出願に要した申請費用 5,000ドル 特許が成立した時点で製品Xの製造を開始した。上記の費用のうち、研究開発費として費用計上すべき金額はいくらか?","40,000ドル","100,000ドル","140,000 ドル","145,000 ドル",C
売掛金の中間監査手続を実施中に、予期しない誤りが多数発見され、リスク評価が変更された。次の監査対応のうち、最も適切なものはどれか?,詳細な分析手続を期末から中間へ移す。,顧客からの請求書の保証金額の閾値を引き上げる,売掛金の積極的確認の代わりに、消極的確認を送付する,より経験豊富な監査チームメンバーを使って期末テストを実施する,D
監査人は、キャッシュフローがマイナスであり、運転資本が不足しているため、企業が継続企業として合理的な期間継続する能力に実質的な疑義を抱いている。このような状況下で、監査人が最も懸念するのはどれか?,組織構造に影響を及ぼす統制環境の要因,検出リスクと内在リスクの相関関係,企業の内部統制活動の有効性,企業の財務諸表に及ぼす可能性のある影響,D
政府全体の財務諸表における活動計算書には、次のうちどれが含まれるか?,政府活動事業型活動および分離表示構成単位の個別の欄,各主要政府資金の独立した欄,非主要政府資金ごとに独立した欄,計算書の下部にある、プログラム収入と一般収入を示す独立した欄。,A
合意された手続の適用に関する実務家の報告書に含めるべき記述は、次のうちどれか?,実務家が見込み財務諸表の検査を実施した旨の記述,実務家の意見を限定する範囲に関する記述,AICPAが定めた基準に言及する記述,実施した手続に基づく否定的保証の表明,C
額面500ドルの転換社債が520ドルで売られている。転換比率が20の場合、転換価格はいくらか?,19.23ドル,20.18ドル,25.00ドル,26.00ドル,C
電子データ交換（EDI）システムにおける監査証跡の必須要素はどれか?,データの正確性を検証する統合テスト施設,遠隔地にアクセスする発見的プログラム,機密データを保存するハードウェアセキュリティモジュール,失敗したトランザクションを示すコンピュータのアクティビティログ,D
ある会社の税引き後利益は540万ドル、年間の支払利息は100万ドル、減価償却費は100万ドル、税率は40%である。この会社の利息獲得倍率は何倍か?,5.4,6.4,7.4,10,D
責任会計の本質はどれか?,マネージャーが管理できるコストと収益を重視した業績報告書を作成する。,サービス部門のコストを生産部門に配分し、生産部門のマネジャーが自分たちに責任のあるすべてのコストを把握できるようにする。,好ましくない差異について誰が責任を負うべきかを決定する。,好ましいかどうかにかかわらず、すべての差異を調査する。,A
Mast社は、財務諸表上および税務上、棚卸資産の評価を先入先出法から後入先出法に変更した。インフレ期において、後入先出法に基づくマスト社の期末在庫と未払法人税は、先入先出法よりも高いか低いか? 期末在庫 未払法人税,低くなる 低くなる,高くなる 高くなる,低くなる 高くなる,高くなる 低くなる,A
企業が貸借対照表でのれんを認識すべき時点は次のうちどれか?,のれんを作るために費用が発生した。,事業の買収によりのれんが発生した。,のれんの発生により、将来的に利益が見込まれる。,会社の資産の公正市場価値が帳簿価額を上回る。,B
ある個人が27ヶ月前に税金を支払ったが、その年の確定申告をしていない。今、この個人はその時に支払った連邦所得税の還付請求を行いたい。この場合、納税から次のどの期間内に還付請求を行わなければならないか?,1年,2年,3年,4年,B
次のうち、公認会計士事務所の監査業務に適用される品質管理方針および手続の要素はどれか?,顧客との関係を受け入れること,経営者に対する職業的懐疑心,コンピュータによる情報処理,組織構造の効率性,A
6年目、国税庁の調査官がある法人の5年目の申告書の調査を終え、1年目から5年目までの各年度の課税所得を増加させる調整を提案した。すべての申告は当初の期限内に行われた。提案された調整は、個人的な理由によるコーポレートジェット機の使用の否認に関するものである。代理人は、この誤りが不正または重要なものであるとは認めていない。この調整に関する次の記述のうち、正しいものはどれか?,調査官は審査中の年度の調整しか提案できないため、この調整は不適切。,個人的な経費を事業経費として不正に請求した場合の時効はないため、この調整は適切。,会計方法の変更に関するものであり、時効に関係なく遡及して行うことができるため、この調整は適切。,調整の数年間で時効が成立しているため、調整は不適切。,D
"Hall社は1月1日に140,000ドルで機械を購入した。この機械の見積耐用年数は8年で、残存価額は60,000ドルであった。Hall社は、二重定率法による減価償却を選択した。事業開始2年目の末日における、Hall社の貸借対照表上の機械の帳簿価額はいくらか?","60,000ドル","61,250ドル","78,750ドル","80,000ドル",C
"Largeは道路の会計処理に修正アプローチを使用していない。当年度の初めに、市は新しい道路に800,000ドルを支出した。道路の耐用年数は20年である。当年度の活動計算書において、Large市が新しい道路に関する費用として計上すべき金額はいくらか?",0ドル,"20,000ドル","40,000ドル","800,000ドル",C
"Corbet社は、今年度初めにある著作者から20,000ドルで著作権を購入した。著作権の法定耐用年数は、著者の死後50年である。Corbet社は、この本を5年間販売する予定である。当期末に、Corbetが著作権に関連する償却費として計上すべき金額はいくらか?",0ドル,400ドル,500ドル,4000ドル,D
"S社の唯一の株主が、公正市場価値20,000ドル、基礎6,000ドル、負債12,000ドルの備品を寄贈した。株主が認識しなければならない利得がある場合、その額はいくらか?",0ドル,"6,000ドル","8,000ドル","12,000ドル",B
"Carter社の当期末の貸借対照表は以下の通りである： 現金および現金同等物 200,000ドル 短期投資 100,000ドル 売掛金 400,000ドル 棚卸資産 600,000ドル 特許権10年 300,000ドル 設備 1,000,000ドル 減価償却累計額 200,000ドル 当年度末の流動負債の金額は640,000ドルであった。Carter社の当期末の運転資本はいくらか?","60,000ドル","560,000ドル","660,000ドル","960,000ドル",C
公認会計士が監査を実施する際に、デュー・ケアーの基準から無謀に逸脱した場合、公認会計士が知らない第三者に対して公認会計士はどのような責任を負うか?,厳格責任法,契約違反,過失,重大な過失,D
"割引率10％で、5年間毎年末に3,000ドルの現金流入があり、初期投資が11,000ドルである場合、正味現在価値はいくらか?","-9,500ドル",370ドル,"4,000ドル","11,370ドル",B
不正な財務報告のリスクに関する監査人の懸念を最も高める可能性が高い要因はどれか?,会計原則の最初の選択を監査委員会が承認したこと。,企業の業界における競争の欠如とそれに伴う利益率の上昇。,未解決の訴訟や偶発債務に関する経営陣の開示。,決算に重大な影響を与える企業による年末調整。,D
内部不良コストの結果としての製品品質の改善を効果的に測定する技法はどれか?,工程内商品の検査。,長期間に返品された製品の数を記録する。,手直しされた製品の数を記録する。,保証費用を長期にわたって記録する。,C
CPAは、経費のための文書の存在を照会することなく、出張旅費を含む顧客の納税申告書を作成する。CPAが調査を行わなかった結果を最もよく説明しているのはどれか?,CPAは、納税申告書作成者のペナルティとして評価される場合がある。,CPAは、不正な申告を準備したとして起訴される可能性がある。,申告が監査され、費用が認められない場合、クライアントは過少申告のペナルティを負うことはない。,クライアントは、不正なペナルティの対象にはならない。,A
研究開発活動に使用され、将来代替的な用途に使用される設備の費用の処理として適切なものは、次のうちどれか?,研究開発プロジェクトが開始した年度に費用処理する。,資産計上し、研究開発プロジェクトの期間にわたって減価償却する。,資産計上し、見積耐用年数にわたって減価償却する。,研究開発プロジェクトの期間に応じて、資産計上または費用計上のいずれかを行う。,C
"King社はSimmon社の発行済み普通株式の70％を所有している。King社の負債は総額450,000ドル、Simmon社の負債は総額200,000ドルである。Simmon社の財務諸表には、King社への支払手形100,000ドルが含まれている。連結財務諸表に計上すべき負債総額はいくらか?","520,000ドル","550,000ドル","590,000ドル","650,000ドル",B
監査人が当初「例外」と分類した売掛金の確認で最も可能性が高い原因はどれか?,顧客のクライアントとの残高がクレジットまたはゼロバランス。,監査人への回答がファックスではなく郵送であった。,売掛金が回収不能に分類されている。,取引先に郵送された支払いが計上されていない。,D
発生主義会計には見越と繰延がある。見越と繰延を説明するのに最も適切なものはどれか?,見越は将来予想される現金の受払いに関係するが、繰延は過去の現金の受払いに関係する。,見越は過去の現金の受払いに関係するが、繰延は予想される将来の現金の受払いに関係する。,見越と繰延の両方が、予想される将来の現金の受払いに関係する。,見越と繰延の両方が、過去の現金の受払いに関係する。,A
ある会計士が、非上場企業の財務諸表のコンピレーションを請け負ったが、その財務諸表には会計原則の誤適用や不合理な会計上の見積りがいくつか含まれていた。経営者は財務諸表を修正する意思がなく、会計士は、標準的なコンピレーション報告書を修正しても、その欠陥を伝えるには十分でないと考えている。このような状況下で、会計士がすべきことはどれか?,財務諸表に対する意見を放棄し、取締役会に対し、財務諸表を信頼すべきではないと助言する。,会計士のコンピレーション報告書の配布が内部使用に限定される場合にのみ、契約を続行できることを経営陣に伝える。,欠陥の影響を判断し、コンピレーション報告書に欠陥とその影響を説明する別の段落を追加する。,コンピレーション業務から離脱し、当該財務諸表に関するそれ以上のサービスを提供しない。,D
税務上、償却できないものはどれか?,法人設立費用,臨時取締役報酬,株式発行費,設立総会費用,C
事業体の製品やサービスを測定し、可能な限り最高のパフォーマンス水準と比較して評価するプロセスは何か?,パフォーマンスギャップの測定,標準測定,ベンチマーキング,差異管理,C
新製品の予想販売価格は19ドルである。経営陣の目標は、全売上に対して20％の貢献利益を得ることである。この新製品の変動販売・流通コストが1個当たり3ドルである場合、この製品の目標変動製造原価はいくらか?,12.20ドル,12.80ドル,15.80ドル,18.2ドル,A
"Mill社は、12月31日に終了した年度の税引前利益を152,500ドルと報告した。期末監査において、外部監査人は以下の誤りを発見した： 期末棚卸資産 30,000ドルの過大計上 減価償却費 64,000ドルの過少計上 Mill社が12月31日に終了した年度の税引前利益として正しく報告すべき金額は?","58,500ドル","118,500ドル","186,500ドル","246,500ドル",A
