ピアジェによれば、子供は___________である。,「空白の石板」,大人より知能が低い,「小さな科学者」,文化によって形作られる,C
あるテストの測定の標準誤差が15点である場合、次のうちどのように結論づけるのが正しいか?,テスト集団の観察得点の約68％が平均スコアの15点以内にある,ある治癒スコアを持つ個人の約68％は、スコアが真のスコアの15点以内にある,スコアの約15％は誤差がある（すなわち、信頼性をもって特性を測定していない）,最大30点の差が同じ真のスコアを表している,B
胎児の発育に悪影響を及ぼす可能性のある物質は、いずれも____________である。,アプガー,催奇形因子,最初の6週間は問題が１つのみ,規制物質,B
もしあなたが大企業に雇われ、新しい研修プログラムを開発することになったとしたら、まず最初に行うのは次のうちどれか?,ニーズ分析,職務評価。,総括的評価。,形成的評価。,A
ゲシュタルト心理療法の実践者は、クライアントが自分の過去について話したがることを、次のうちどのように考えているか?,クライアントが現在を理解するのに役立つ有用な戦略。,クライアントが現在と折り合いをつけるのを避けるための方法。,セラピーの「第二層」。,セラピーの終わりに近い 「終結」を達成するための方法,B
記憶に関して、加齢が最もその低下と密接に関係しているのは次のうちどれか?,制御された記憶プロセスの効率,メタ記憶スキル、すなわち記憶に関する知識,認識記憶,利用可能な事実記憶の知識量,A
抑うつ状態であり、手の動きがリズミカルで、感情が平坦化している66歳の患者が患っている可能性があるのは次のうちどれか?,パーキンソン病,血管性認知症,右前頭葉腫瘍,アルツハイマー病,A
ある金曜の午後、週末旅行に出かける直前、ある心理学者が、自殺未遂で薬を過剰摂取したと主張するセラピーのクライアントから電話を受ける。心理士は、すぐに医師に電話するように言い、かつ月曜日の午前9時にセッションを受けるようクライアントに伝えた。心理士はこの他に介入しようとせず、クライアントは他に助けを求めることなく、その日の夜に死亡した。この状況において、心理学者の行動は明らかに＿＿＿＿＿＿＿＿である。,非倫理的である、なぜならクライアントのニーズにもっと直接的に対処しなかったから,非倫理的である、なぜなら心理学者は旅行を延期して、クライアントにその日の午後のアポイントを取るべきだったから,非倫理的である、なぜなら心理学者は医師に直接電話すべきだったから,倫理的である、なぜならクライアントが操られていたかどうか判断できなかったから,A
サルバドール・ミヌチンの構造的アプローチを用いる家族療法士が、最も可能性が高いのは次のうちどれか?,絡み合った関係を減らすために、家族メンバー間の境界を明確にする。,最初に、最も分化している家族メンバーに働きかける。,複数のセラピストチームを使用して、1人のセラピストが家族システムに「三角化」されないようにする。,機能不全のプロセスに対抗するための具体的な「指示」を出す。,A
親のアルコール依存症が子供と家族の発達に及ぼす潜在的な影響を調べることに関心のある研究者が、12歳（n＝100）、13歳（n＝100）、14歳（n＝100）を、アルコール依存症の親を持つ者と持たない者の半数ずつ、様々な結果を評価する複数年にわたる縦断的研究に採用する。この研究をもっとも特徴づけるのは次のうちどれか?,真の実験,横断的コホート計画,自然実験,横断的コホート計画,B
左前頭葉のブローカ野と呼ばれる部分の局所的損傷が損なう可能性が高いのは次のうちどれか?,言葉の想起,言語の理解,言語の学習,発話の生成,D
ジェラルド・パターソンと同僚（1992）によると、子どもの攻撃的行動の主な要因は次のうちどれか?,子どもの知能,子どもの「基本的性格」,親子の愛着の強さ。,両親の育児行動,D
ランチョ・ロス・アミーゴスの認知機能評価スケールでレベル4の評価を受けた人は次のうちどれか?,視覚や聴覚の刺激に反応せず、深い睡眠状態にあるように見える。,混乱して支離滅裂で、奇妙な行動をとることがあり、自分の世話ができない。,は注意力と見当識があり、離れた場所や最近の出来事を記憶し、統合することができるが、判断力、計画性、抽象的な推論に何らかの障害がある可能性がある。,年齢、教育、人口統計学的背景から見て優れた知的水準で機能している。,B
子どもとすでに治療関係を築いている心理学者が、子どもの親権を含む離婚訴訟で鑑定人を務めるよう依頼された。その心理学者の最善の行動は次のうちどれか?,証言の依頼を断る。,両方の両親から同意を得た場合にのみ、証言することに同意する。,関係者全員を評価できる場合にのみ、証言に同意する。,子供との親密さが証言に偏りを与えない場合に限り、証言に同意する。,A
動機づけは、代替案、コスト、便益の秤量を含む複雑なプロセスである。目標設定理論に関するあなたの知識から、以下の記述のうち誤っているものはどれか?,目標には2つの目的がある：動機づけの基礎であり、行動を方向づけるものである,目標達成は、目標が具体的で難易度が高い場合に最大化される,目標達成は、頻繁にフィードバックが与えられる場合に最大化される,目標設定に労働者が参加することも良いことである,B
STATISTICSは変数を測定する方法であり、データを整理して分析する統計的方法は、記述的または推論的であり、測定の尺度を有する。統計測定に関するあなたの知識から、RATIO DATAとは何か?,比率データはスケーリングされ、等距離であるが、絶対ゼロではない,比率データは変数の量を順序付けするが、その量に関する情報はない,比率データは、絶対ゼロを持つインターバルデータである,比率データは、変数を順序付けされていないカテゴリに分割する,C
AronsonとMillsは、ある集団への入会の厳しさが、その後のその集団に対する態度に及ぼす影響を調べた。研究の結果、軽いイニシエーションを受けた女性と比較して、集団に属する前提として厳しいイニシエーションを受けた女性は、以下のうちどれを示したか?,集団はあまり興味深くなく、楽しいものではないと評価した。,より興味深く楽しいと評価した。,グループから脱退する傾向が強かった。,グループメンバーを嫌う傾向が強かった。,B
ある大学院生の学位論文指導者であるX博士はほとんど役に立たないことが判明し、学生は准教授のZ博士から助言と援助を得ることになった。X博士は完成した論文を審査し、かつ論文指導者として記載されている。数カ月後、学生は学位論文の研究を基にした記事を専門誌に書くことにした。出版クレジットの観点からは、＿＿＿＿＿＿＿＿。,Z博士の貢献が相当なものであれば、Z博士を筆頭著者として記載すべき。,Z博士の貢献が証明されれば、Z博士を第二著者とすべき。,X博士は学生の正式な論文指導者であるため、第二著者として記載すべき。,Y博士とZ博士は共著者として記載すべき。,B
TRANSTHEORETICAL MODEL OF CHANGEとは、もともと嗜癖行動を治療するために開発されたもので、人が変化する過程で通過する5つの段階がある。次のうちどの段階が正しく定義されているか?,前熟考期：今後6ヵ月以内に行動を起こすつもり,準備：今後6ヵ月以内に変化を検討する,行動：行動を修正するために時間と努力を費やす,維持：行動の変化が少なくとも8ヵ月続く,C
心理学者が事件を受け入れる能力がないと感じている場合、最も正当な選択肢は次のうちどれか?,最善を尽くす,リファーする,この問題に関する章を読む,クライアントの支払を軽減する,B
ある人事部長が、採用決定の一助として選抜テストを使用する際、カットオフスコアを引き上げることを決定した。人事部長がこの決定を下したのは、おそらく次のうちどの理由からか?,真陽性者の数を増やす。,偽陽性の数を減らす。,偽陰性の数を増やす。,真陰性の数を減らす。,B
臨床心理士のジョーンズ博士は、1ヶ月前からリサ・Lのセラピーをしている。ジョーンズ博士はリサをとても魅力的な女性だと考えており、彼女に対して性的な妄想を抱いていることに気づいた。倫理的な心理学者として、ジョーンズ博士が行うべきなのは次のうちどれか?,そのような関心は正常であると認識するが、慎重に行動する。,リサに惹かれていることを告白し、セラピーの中で相互に検討する話題にする。,そのような関心は不適切であると認識し、理由を説明せずにリサに別のセラピストを紹介する。,リサとの仕事を続けるが、自分の関心が客観性を妨げていると考える場合は同僚に相談する。,D
パラメトリック検定は、データが間隔または比例の場合に使用される。どのような場合にONE-WAY ANOVAが使用されるか?,1つのIVがあり、2群以上の平均があるときに使用される,2つのIVがあり、4群以上の平均があるときに使用される,3つのIVがあり、5群以上の平均があるときに使用される,4つのIVがあり、6群以上の平均があるときに使用される,A
ある父親が22歳の息子を評価のために連れてきた。この6週間の間に、以前は社交的だったこの青年は、レストランのマネージャーとしての仕事を辞め、引きこもりがちになり、今ではほとんどの時間を自室でテレビを見て過ごしている。彼は時折、テレビを通して宇宙人からのメッセージを受け取ることがあると報告している。この情報から、DSM-IVの診断として最も適切なのは次のうちどれか?,統合失調症型障害,短時間反応性精神病,統合失調症,反社会性パーソナリティ障害,A
知能の発達モデルに当てはまらない唯一の構成要素を次のうちから特定せよ。,投資理論,ポジティブ多様体,G理論,一次的精神能力理論,A
ThomasとChess（1977）の「適合度」モデルは、子どもの不適応の原因を次のうちどれと予測しているか?,子どもの基本的気質と両親の育児方法のミスマッチ。,子どもの愛着行動とそれに対する親の対応とのミスマッチ。,養育者の育児スタイルの不一致。,子どもの自己意識と、子どもが自分の行動について養育者から受けるフィードバックの不一致。,A
STANDARD SCORESはSDによる平均からの生のスコア距離を表し、最も満足できるタイプのNRスコアと考えられた。次のうち、Tスコアに関する記述はどれか?,スコアが平均値を上回るまたは下回る標準偏差の数を示す:+1.0のスコアは、平均値を1 SD上回ることを意味する。,M=50、SD=10-多くの心理テストで使用されている、MMPI,標準9:M=5、SD=約2,M=100、SD=15または16,B
傾向分析は分散分析の一種で、次のうちどのような場合に使用されるか?,研究の独立変数が量的。,研究の従属変数が質的。,横断的研究計画が使用されている。,要因研究計画が使用されている。,A
(n)_______タスクを実行するとき、グループのメンバーは、グループのメンバーの1人が提示した解決策をグループの解決策として選択する。,代償的,分離的,合接的,相加的,B
あるセラピストが、不眠症に悩むクライアントに、夜中に目が覚めた時は少なくとも2時間はフローリングの床を磨くよう指導した。このセラピストは、次のうち誰の作品に精通していると考えられるか?,ルイジア・ボスコロ。,ミルトン・エリクソン。,サルバドール・ミヌチン。,サド侯爵。,B
ある患者が、最近の神経心理学の評価から得られたデータを、滑って転倒したスーパーマーケットを訴えている民事審理で利用したいと考えている。リリースが正式に実行された後、この要求を満たすための最初のステップとなるのは、次のうちどの回答か?,データおよび検査用紙を患者に提供する,データおよび検査用紙を患者の弁護士に提供する,リリースフォームに記載されているように、適切な資格を持つ心理学者にデータを提供する。,弁護士から直接連絡を受けた場合は、すべてのデータおよびテストフォームを提供する,C
女性の応募者は、選抜テストでは常に男性の応募者より低い得点を得る。しかし、採用されると、女性は男性と同じように仕事をこなす。この状況は次のうちどれを示すか?,差異的妥当性,差異的選抜,有害な影響,不公平性,D
減衰式の補正は、＿＿＿を高めることによる影響を測定するために使用される。,テストの妥当性の信頼性,テストの信頼性の妥当性,テストの妥当性に関するテスト項目の数,テストの信頼性に関するテスト項目の数,A
行動障害と診断された子どもは、＿＿＿＿の追加診断を受けることはできない。,ADHD,レット障害,反抗挑戦性障害,アスペルガー症候群,C
診断に躁病エピソードの存在が必要なものは次のうちどれか?,うつ病,双極性Ⅰ型,双極性Ⅱ型,気分変調,B
シャクターが結論づけたように、所属と不安の関係を調査した結果、不安の強い研究参加者が他の不安の強い研究参加者と一緒に待ちたいという欲求を最もよく説明できるのは次のうちどれか?,要求特性,評価への不安,不安感からの解放,社会的比較,D
個人で開業しているある心理士は、困難な離婚を経験し、その結果、飲酒を始め、しばしば落ち込んでいる。彼がすべきなのは次のうちどれか?,自分自身の問題を忘れるために、仕事に没頭する。,専門家に相談し、一時的に彼の診療を中断することを検討する。,クライアントに状況を説明し、他のセラピストを紹介することを申し出る。,すぐにクライアントを他のセラピストに紹介する。,B
医師は喘息患者を治療のためにあなたに紹介し、定期的な経過報告を求めている。あなたが取るべき最も適切な行動方針は以下のうちどれか?,あなたが誰かの健康状態を治療するときはいつでも医師が関与しなければならないので、この要求に従う,チャット心理報告書は精神科医か他の心理学者にしか送ることができないと医師に伝える,患者からの書面による公開がある場合にのみ進捗レポートを送信できることを医師に伝える,医師は患者の身体状態の最善の治療のためにあなたの情報を必要とするので、この要求に従う,C
人事選考で使用される「悪影響」が意味するのは次のうちどれか?,法律の対象となるグループの採用率が、最も良い選考を行ったグループの採用率の80%未満であること,選考面接が、法律の対象となるグループにとって「不利」であり、選考率に差が生じること,法律の対象となるグループの選考に不利な条件が存在すること,選考プロセス全体が、法律の対象となる1つまたは複数のグループにとって不平等な結果となることを意味する。,A
脳梁の後方領域が侵され、脳の視覚中枢と言語中枢が切り離された脳卒中は、次のうちどの症候群を引き起こす可能性があるか?,失読症を伴わない失書症,失書症を伴わない失読症,失語症,失行症,B
研究によると、両親の離婚に子どもがうまく適応できるかどうかが最も関係しているのは次のうちどれか?,親権を持たない親との接触頻度。,離婚前の親子関係の質。,離婚の原因を理解する子どもの能力。,離婚後の両親の対立の程度。,D
サム・ソロ医師は小さな町で唯一の心理学者であり、彼の息子は町で唯一の小学校に通っている。ソロ博士は息子の担任教師から電話を受け、彼とのセラピーを開始したいと言われる。倫理的な心理学者として、ソロ博士がすべきなのは次のうちどれか?,彼女に会うことは多重（二重）関係となるため、倫理的に禁じられていることを教師に伝える。,彼女とのセラピーを開始し、最初のセッションで、また必要であればその後のセッションで、対立の可能性について話し合う。,彼女とセラピーを始めるが、問題が生じた場合は相談する。,彼女とセラピーを始めるが，クライアントの秘密が守られるよう特別な注意を払う。,B
アゴニストは_____________である。,100%の生物学的反応を引き起こすことができない薬物,効果のない薬,抗不安薬の別名,受容体に結合して活性を変化させる薬物,D
職場での調査では、部下が目標設定に参加して選んだ目標は、上司が一方的に部下に設定した目標と比較して、＿＿＿＿である。,より困難だがやりがいのある目標,ほぼ同じ難易度の目標,達成されない目標,よりやりがいのない目標,A
あなたはコンサルタントで、新旧住民間の対立や敵意が非常に強い、最近統合された住宅プロジェクトにおける介入プログラムの設計を依頼された。目標は接触を通じて関係を改善することである。そのためには、どのような機会を提供するような交流を手配できれば目標達成の可能性が高くなるだろうか?,手始めに、どちらかといえばカジュアルで表面的な接触を行い、「ウォームアップ」段階を提供する,2グループ間の相互作用に暗黙のうちに存在する地位階層チャットを明示する,各グループが相手方の否定的な批判と考えていることについて、率直な意見交換と全面的な議論を行う,各グループの住民が、相手のグループの否定的な特徴を反証する,D
ローコンテクスト・コミュニケーションに当てはまるのは次のうちどれか?,状況に即している,非言語的な合図に大きく依存している,統一性の低いコミュニケーションである,米国の文化的に多様なグループに典型的である,C
元クライアントがあなたに600ドル以上のセラピー料を支払う義務があり、そのお金を回収するために取り立て代行業者を利用することを検討している。倫理的な心理学者として、あなたがすべきことは次のうちどれか?,取り立て屋を利用することは倫理指針で禁止されているため、利用しないことに決める。,セラピーの始めに、もしクライアントが適切な時期に料金を支払わなければ、あなたがそうすることをクライアントに伝えていた場合にのみ、そうする。,まずクライアントに連絡し、特定の期日までに未払いの料金を支払わない場合、取り立て代行業者を利用する意向を伝える。,「最後の手段」としてのみ、取り立て代行業者を利用する。,C
他の心理学者が倫理違反を犯したと思われる場合、あなたはまず次のうち何をすべきか?,APA倫理委員会に報告する,その心理士が所属する州の職業基準委員会に報告する,その心理士が再び違反を犯すかどうかを待つ,その心理士とあなたの懸念を話し合う,D
マイノリティ・グループのクライアントのカウンセリングに関する研究によると、彼らは＿＿＿＿。,カウンセリングの継続期間は、非マイノリティのクライアントとほぼ同じである,カウンセリング・サービスを求めることはほとんどない,カウンセリングの継続期間は、非マイノリティのクライアントよりもかなり長い,カウンセリングを非マイノリティのクライアントよりも有意に早く終了する,D
ペインクリニックの心理学者が、患者の薬剤使用の学習された側面に対処するための薬剤削減スケジュールの計画を支援している。心理学者の最善の推奨事項は、＿＿＿＿＿に薬を投与することである。空欄を埋める選択肢とその理由を次のうちから選べ。,患者の食事に。なぜなら、患者の薬剤に対する認識が低下するにつれて、減少が早く起こるから,特定の時間に。なぜなら、そうすれば、痛みに反応して薬が投与されることはないから,患者から要求された場合にのみ。より少ない薬剤を投与すれば、より早く減量が可能となるため,注射によって。なぜなら、投与がより痛みを伴うようになるにつれて、より少ない投薬が要求されるから,B
中絶を経験した女性に関する研究によると、＿＿＿＿＿＿。,性的適応や男性との関係において、その後問題が生じることがよくある,中絶を経験した女性のほとんどは、その出来事について、親知らずを抜いたとき以上のことは考えていない,心理的な影響は、妊娠を継続し出産することを選択した女性よりも悪くない,その経験は、通常、罪悪感や抑うつといった形で、深刻な心理的影響をもたらすことが多い,C
行動主義者の見解は、多くの理由から他の手法から批判されてきた。倫理学者たちは、行動主義者たちは進化に起因する学習における生得的なビルトイン・バイアスを無視していると主張したが、同時に反対したのは以下どの点か?,室内実験での動物の使用,室内実験での人間の使用,試行錯誤システムの使用,オペラント条件づけ原理の使用,A
より可塑的な発達の側面とは、次のうちどのような側面か?,多少なりとも固定され、変化しにくい,環境の影響をあまり受けない,比較的可鍛性,発達過程とは無関係,C
行動学的観点からは、良性の物体や出来事に対する恐怖反応は、それらの物体や出来事が、自然に恐怖反応を引き起こす刺激と結びついたときに獲得される。言い換えれば、恐怖反応は以下のうちどのような原因によるものか?,負の強化。,負の罰。,刺激般化。,古典的条件づけ。,D
統計的回帰が研究の内的妥当性を脅かす可能性があるのは、次のうちどのような場合か?,試験の治療群の参加者数が統計的に異なる。,研究の過程で異なる治療群から脱落する参加者の数に統計的に有意な差がある。,事前テストのスコアが極端に高いか低いために、参加者が選ばれ、研究に組み入れられる。,研究者が参加者を異なる治療群に無作為に割り当てることができない。,C
ベム(1972)の自己知覚理論について、正しいものを選べ。,自分の行動が自分の態度、信念、価値観と一致しない場合、人は不快感(不協和)を経験する。,人は、成功している人と付き合うことや同一視することによって、自分の自己価値感を高める。,人は、自分の成功は気質的な要因によるものであり、失敗は状況的な要因によるものであると考える傾向がある。,人は、自分の行動やその行動が起こる状況を観察することによって、自分の態度や感情を推測する。,D
60歳の消防署長があなたを紹介してくれた。なぜなら、部署の方針では、従業員がこの年齢に達したときにフィットネス評価を行うことが求められているからだ。 あなたはシスフィットネス評価の支援を依頼された。 評価で考慮すべき最も重要な要素は次のうちどれか?,情緒的適性,一般知能,やる気,機能的能力,D
ある精神保健施設の人事委員会の責任者である心理学者、ハロルド・ハンソン博士は、セクシュアル・ハラスメントで未解決の告発がある心理学者を昇進の対象にしないよう勧告している。倫理的責任という観点から、ハンソン博士が考えているのは次のうちどれか?,セクシャル・ハラスメントは倫理指針で明確に禁止されているので、倫理的に行動している。,その心理学者がハラスメントの容疑から無罪放免された場合、その心理学者を昇進候補として考慮する意思がある限り、倫理的に行動している。,彼の決定が、精神保健施設の規定する昇進方針に合致している限り、倫理的に行動している。,雇用手続きに関する倫理指針の要件に違反することによって、非倫理的に行動した。,D
平均して、男性は女性よりも以下のすべてのタスクにおいて優れている。例外は次のうちどれか?,同時処理,心的回転,目標指向性運動技能,数学的問題解決,A
個人のスコアと不適切な基準群との比較は、以下の全てに影響を及ぼすが、例外は次のうちどれか?,スコアの妥当性,スコアの信頼性,対象者に関する判断,スコアの妥当性,C
ルウィンの力場理論では、組織における計画的変化について、次のどの段階を含むと説明しているか?,凍結解除、変更、再凍結,形成、実行、再形成,特定、計画、行動,舞台設定、問題解決、合意形成,A
人事考課における評価属性の強制選択分布の主な利点は、次のうちどれか?,イプサティブ測定に関する統計的な懸念がなくなること,評価の信頼性が高まること,従業員の長所と短所を扱わないため、より客観的であること,選択肢が2つしかないため、より簡単かつ迅速に使用できること,B
カール・カールソン博士は有資格の心理学者で、大きな大学の心理学科の教授である。彼は大学院生のマーラM（36歳）から、金曜の夜に野球の試合を観に行かないかと誘われる。カールソン博士は離婚しており、マーラはとても魅力的な女性だと感じている。倫理的ガイドラインに照らし合わせると、カールソン博士がマーラの誘いに応じると、次のうちどのようなことになるか?,明らかに倫理指針に違反している。,潜在的な関係を始めたのは彼ではないので、倫理的に行動している。,マーラが心理学科以外の学科の学生であり、心理学科の授業を履修しない限り、倫理的に行動する。,マーラが大学に所属しなくなるまで性的関係を持たない限り、倫理的に行動する。,C
パラメトリック統計の代わりにノンパラメトリック統計を使用する必要があるのは、次のうちどれか?,アルファの固定値に対する最も強力な統計的検定が求められる場合,調査母集団におけるスコアの分布の形がわからない,調査母集団のデータが連続変数を表す,調査母集団のデータが間隔尺度の要件を満たすことがわかっている場合,B
精神病院に入院している「疑似患者」を対象としたローゼンハンの研究とは次のうちどれか?,調査研究への参加が研究参加者の行動を変えることを証明した。,人にレッテルを貼るとその人の行動が変わることを証明した。,環境が人の行動のとらえ方に影響を与えることを示した。,「中心的特徴」が他の特徴よりも印象形成に大きな影響を与えることを示した。,C
テストのエラー総数を正答率に変換する場合、またはその逆の場合、どのタイプの変換を実行しているか?,線形,非線形,曲線,累積,A
癇癪の頻度を、(a)親の命令の有効性、(b)親のしつけの一貫性、(c)親の暖かさから予測する回帰モデルは、次のうちどのようなモデルになるか?,1つのy切片と1つの回帰係数,4つの回帰係数,1つの回帰係数と3つのy切片,1つのy切片と3つの回帰係数,D
重回帰を使用するとき，多重共線性は次のうちどの場合に起こるか?,予測変数がお互いに高度に相関している,基準値が互いに高度に相関している,予測変数と基準の間に低い相関がある,予測変数と基準の間に高い（有意な）相関がある,A
ヘルマン・H（28歳）から電話があり、最近ガールフレンドと別れたので「まったく惨めだ」、あなたとセラピーを始めたいという。ヘルマンとの最初のセッションで、彼の政治的見解があなたにとって完全に嫌悪感を抱かせるものであることを知り、彼と一緒に作業をしても楽しめないと感じた。倫理的な心理学者として、あなたがすべきことは次のうちどれか?,治療の過程で他の心理学者に相談し、あなたの感情が客観性を妨げないようにする。,ヘルマンと政治的見解の違いについて話し合うのは、それが心理療法のプロセスに関連する場合のみにする。,ヘルマンの現在の危機が収まるまでセラピーを続け、必要であれば紹介する。,ヘルマンに適切な紹介をする。,D
コールバーグの道徳性発達の前慣習的水準のステージ2では、子どもが規則に従う理由は次のうちどれか?,規則や法律を守る個人的な義務があると感じている。,「他のみんなもそうしている。」,そうすることで罰を避けることができる。,そうすることで、個人的な欲求を満たすことができる。,D
ある研究者が、動機づけの向上が問題飲酒のレベル低下につながることを期待して、クライアントの動機づけを向上させる簡単な動機づけ面接介入を実施した場合、動機づけは___________である。,調整変数,媒介変数,共変量,構成概念妥当性の脅威,B
PKUに伴う精神遅滞は、以下のうちどの方法で予防可能か?,環境毒素の除去,輸血,特別食,抗生物質,A
ある夫婦が、担任の先生と口論したり、クラスメートと喧嘩をしたりするようになったことを心配したスクールカウンセラーの勧めで、10歳の息子をセラピーに連れてきた。少年とその家族との数回のセッションの後、あなたは学校長から少年の状態についての情報を求める手紙を受け取り、その中には少年の両親の署名入りの開示許可書が入っていた。倫理的な心理学者として、あなたがすべきことは次のうちどれか?,資格を持つ心理学者以外の誰にも記録を開示することを拒否する。,少年の両親以外への記録の開示を拒否する。,学校の懸念に関連すると思われる情報のみを開示する。,少年とその家族に関するファイル一式のコピーを開示する。,C
帰属理論は、行動を評価するために使用される重要なタイプの情報の枠組みを提供する。ある理論は、人がどのように行動証拠からその人の個人的特徴の説明を識別するかを説明している。この理論は___________である。,対応推論理論,帰属の共変モデル,達成の帰属,危害の帰属,A
睡眠覚醒サイクルは次のうちどれによって調節されるか?,網様体,小脳,視床,頭頂葉,A
アルバート・エリスによると、ある出来事に対する私たちの感情や行動の反応は、その出来事そのものよりも、むしろその出来事に対する私たちの信念によるものだという。言い換えれば、私たちの信念は次のうちどのような働きをするか?,調整変数。,媒介変数。,潜在変数。,抑制変数。,B
ペットの猫を「キティ」と呼ぶ16ヶ月の子供が、初めて犬を見て「キティ」と呼ぶ。ピアジェの認知発達理論に照らし合わせると、この子どもは次のうちどれを示しているか?,同化。,調節。,分類。,中心化。,A
因子分散分析（FACTORIAL ANOVA）は，調査が1つ以上のIVを含む場合に使用される．因子分散分析の相互作用効果は次のうちどれか?,他のIVと異なる水準でのIVの効果,1つのIV単体の効果,より多くのIV単体の効果,他のIVと同じ水準でのIVの効果,A
以下のすべては職務分析の用途であるといえるが、例外は次のうちどれか?,適材適所の人材配置,賃金・給与の設定,安全基準の策定,労働力労働者マーカー比較における活用不足の判断,D
他の人の行動を＿＿＿と呼ぶ。,利己的な偏見,アクター・オブザーバー効果,基本的な帰属バイアス,自己認識バイアス,C
地域のメンタルヘルスでは、3種類の予防が確認されている。 二次予防として以下のうちどれを試みているか?,問題が起こる前に対処する,問題の再発を防ぐ,問題の深刻度を軽減する,地域社会の崩壊を防ぐ,C
不安症状への対処で最も効果がある治療法は何か?,認知行動療法,ソーシャルスキルトレーニング,行動活性化療法,非指示的支援療法,A
守秘義務に関する次の記述のうち、正しいものはどれか?,機密情報は、クライアントの同意がある場合に限り、他人に明かすことができる,公開講座では、クライアントに関するエピソードを関連付けることは非倫理的である,クライアントから正式な情報公開を得た場合に限り、症例に関係する同僚と症例の資料について話し合うことができる,守秘義務には例外がある,D
最初のセラピー・セッション中、クライアントがグッドウィル博士に、セラピーの代金を現金で支払いたいので、グッドウィル博士にはセラピー・セッションの記録も支払い記録も残してほしくない、と告げた。グッドウィル医師がこの取り決めに同意した場合、彼女は次のうちどのように行動したことになるか?,クライアントのこの要求の理由が正当であることを確認する限り、倫理的に行動したことになる。,治療記録に何を記載するかはグッドウィル医師の自由であるため、倫理的に行動したことになる。,クライアントの支払いを所得税申告書に収入として記載する限り、倫理的かつ合法的に行動したことになる。,非倫理的であり、場合によっては違法である。,D
衝動的な子どもに対する自己指導トレーニングでは、次のうちどれを行うか?,事前にレッスンの目的を書き出すことで、課題によく集中できるようにする,自己表明を変えて、課題志向の行動を増やす,気分を高める認知に思考を集中させる,プログラムされた指示を使って、適応行動を徐々に形成する,B
ある会社の社長が、従業員のモチベーションと満足度の低さを懸念し、その結果、全従業員に対して賃金と賞与（金銭的）インセンティブ・プログラムを導入した。6ヵ月後、社長は自分の努力では従業員の仕事に対するモチベーションや満足度が上がっていないことに気づく。この結果は、次のうちどの理論によって最もよく予測されるか?,ERG理論,期待理論,公平理論,2要因理論,D
一般的なシステム理論によると、否定的なフィードバックは、＿＿＿＿＿。,システムの全体性を維持する能力を妨げる,家族の自尊心に有害な影響を与える,システムが安定性を維持する能力において重要な要素である,機能不全システムに最も多く見られる,C
混雑の影響に関して、次のうち正しいものはどれか?,男性は女性よりも、混雑した状況下で攻撃的な行動をとりやすい。,男性は女性よりも、混雑した状況でストレスを感じる可能性が低い。,混雑した状況に対して否定的な反応を示す可能性は、男性も女性も同じ。,男性も女性も、混雑した状況に対して攻撃的に反応する度合いはほぼ同じ。,B
中学生のグループ間の敵対心を減らすには、次のうちどのような方法が最適か?,快適な条件の下で接触する機会を増やす。,地域の尊敬できる人に、協力することの利点について生徒たちに話してもらう。,各グループから代表者を選び、敵意を減らす方法について話し合ってもらう。,グループ間の協力によってのみ達成できる目標を生徒に課す。,D
次の機能のうち、加齢とともに最も低下する傾向があるものはどれか?,注意持続時間,情報を迅速に処理する能力,結晶性知能,潜在記憶,B
あるセラピーのクライアントと3回のセッションを行った後、レナード・リコウスキー医師は、そのクライアントが現在離婚している妻を思い出させるため、自分がそのクライアントに対して敵意を抱いていることに気づいた。リコウスキー博士のとるべき最善の行動は次のうちどれか?,クライアントにその理由を告げずに、別のセラピストを紹介する。,クライアントとその理由を話し合った後、別のセラピストを紹介する。,自分の感情が逆転移の結果であることを認識し、クライアントとの仕事を続ける。,他の心理士に相談し、そのクライアントのセラピーを続けるかどうかを決める。,D
セクシャルハラスメントの文脈では、「代償」とは以下のうちどれを指すか?,性的要求に対する従業員の対応が職務に影響を与える状況。,性的に不快な行為の結果として、「敵対的環境」を作り出すこと。,ある行為が不快であるという「合理的な女性」の判断。,あからさまな（露骨な）性的行為。,A
自殺のリスクを評価するためのツールとして利用できないのはどれか?,ベック絶望感尺度,ベック自殺念慮尺度,自殺行動質問票,自殺念慮質問票,C
催眠は＿＿＿を含む暗示に対する反応として最もよく説明される。,測定可能な生理学的変化,記憶、気分、知覚の変化,状況的な要求に対するコンプライアンスが高まる,「人工睡眠」の状態,B
ある女性には統合失調症の兄がいる。研究分野によると、彼女が統合失調症である、または統合失調症になる確率はおよそ＿＿＿＿である。,0.01,0.42,0.5,0.7,B
被検者の成績を特定の参加者集団の成績と比較する標準化された検査や測定は、＿＿＿＿である。,目的基準準拠テスト,機能的行動評価,知的評価,集団基準準拠テスト,D
次の項目の難易度(p)レベルのうち、受験者を成績の良いグループと悪いグループに最大に区別できるのはどれか?,0,0.5,0.9,1.5,B
緊急事態において、人が最も助けられやすいのは次のうちどの場合か?,傍観者が一人。,傍観者が複数いる。,同性の傍観者が数人いる。,異性の傍観者が数人いる。,A
現在の法的・倫理的基準では、患者ごとに治療記録を保管することが義務付けられている。この治療記録に最低限含まれるべきなのは、次のうちどれか?,初期所見：患者の認知、回想、空想の同意、診療日と請求患者の経過,診断、初期所見、治療計画、診療日と請求、治療計画の経過,診断、初期所見、患者の認知、回想、空想の内容、診療日と請求、治療計画の経過,初期所見、診療日と請求、患者の経過,B
子どもが通常、初めて歩くのは次のうちいつか?,生後6ヶ月,生後9ヶ月,生後12ヶ月,生後18ヶ月,C
ルインゾーンの行動モデルは、______________とうつ病の間の因果関係を提唱している。,環境からの強化の欠如,抑うつを引き起こす行動に対する「偶然の」外部強化,完璧主義の高い必要性,慢性的な身体的・心理的ストレス,A
因子分析を使用する場合、人格研究者の主な関心事は、＿＿＿＿を特定することである。,10の人格を表すのに必要な次元の数,人格次元の発達過程,次元間の精度の差,人格の次元と実際の行動との関連性,A
パーキンソン病は、＿＿＿＿＿＿のドーパミン産生細胞の進行性変性によって起こる。,視交差上核。,島皮質。,黒質。,内嗅皮質。,C
70歳代、80歳代、90歳代を対象とした研究によると、知的機能が最も密接に関連しているのは次のうちどれか?,社会的支援,人生経験,実年齢,健康状態,A
倫理原則の存在の根底にある第一の価値は次のうちどれか?,セラピストとクライアントのコミュニケーションの機密性,心理学分野の継続的な繁栄,社会全体の福祉の発展,心理学者のクライアントの福祉の発展と保護,D
クライアントを治療しているとき、あなたは困っている症例の特定の側面について同僚に相談しようと決めた。APAの倫理綱領とカナダの倫理綱領によると、次のうちどれか?,コンサルタントに相談する前に、必ずクライアントの許可を得なければならない。,コンサルタントにクライアントの身元を明かす場合のみ、クライアントの許可を得なければならない。,クライアントがすでに一般的な権利放棄に署名している限り、クライアントの許可を得る必要はない。,コンサルタントはその案件と「明らかに関係がある」ので、いかなる場合であってもクライアントの許可を得る必要はない。,B
スミス、グラス、ミラー(1980)による心理療法アウトカム研究のメタ分析によると、治療を受けた人は、治療を必要としながらも治療を受けなかった人の約＿＿＿＿＿＿＿＿＿＿＿＿＿＿＿＿＿＿＿＿＿＿＿＿＿＿＿＿＿＿＿＿＿＿＿＿＿＿＿＿＿＿＿＿＿＿＿＿＿＿＿＿＿＿＿＿＿%よりも「より良い」状態にあることがわかった。,45,55,80,95,C
出生時に最も発達していない脳の部位は次のうちどれか?,脳幹,大脳皮質,大脳辺縁系,小脳,B
フェミニスト・セラピーは、以下のうちどれを除くすべてによって特徴づけられるか?,セラピストとクライアントの間に平等主義的な関係を築くこと,女性セラピストと女性クライアントの間に特別な絆を築くこと,クライアントの問題を社会政治的な文脈の中でとらえること,他の女性に対する皮肉と尊敬を奨励すること,B
問題に対処するために内的資源に依存するのは次のうちどれか?,問題焦点型コーピング,感情焦点型コーピング,認知的不協和,意味差,B
アンダーソンのACT理論の欠点は、___________と考える人がいたことである。,運動系にしか適用できない,検証不可能であり、したがって科学的価値が不確か,要素の定義に欠ける,認識の動作を説明する上で複雑すぎる,B
ハージーとブランチャードの状況的リーダーシップ・モデルによると、リーダーは次のうちどのような部下に対して「参加型」スタイルを用いるべきか?,能力が低く、モチベーションが低い。,能力が低く、モチベーションが高い。,能力が高く、モチベーションが低い。,能力が高く、モチベーションが高い。,C
80%ルールは、以下のうちどれを判断する場合に使用されるか?,選考手順が悪影響を及ぼしている。,選考手順が費用対効果に優れている。,業績評価指標は適切な関連性を持っている。,業績評価指標には、十分な有用性がある。,A
15歳が一貫して無防備な性交渉を行い、妊娠や性感染症にかかる可能性を否定するのは次のうちどの例か?,形式的操作思考,青年期の自己中心性,早期の社会中心性,アイデンティティの早期完了,B
指示的リーダーシップの下、結束力の高い集団が、入手可能な情報を完全に評価したり、代替案を検討したりする前に決定に至る場合、その集団は次のうちどの影響を示している可能性があるか?,集団思考,集団極化,社会的手抜き,リスキーシフト,A
ゲシュタルト療法は、次のうちどの統合を達成するよう設計されているか?,動機パターンと習慣パターン,思考、感情、行動,過去、現在、未来,外的プロセスと内的プロセス,B
プロハスカとディクレメンテ(1982)の変化の段階(トランスセオリティカル)モデルでは、______段階にある人は、今後6ヶ月以内に自分の問題行動を変えるような行動をとることを計画していると予測している。,実行,熟考,準備,前熟考,B
"精神分析理論で ""カタルシス ""と呼ばれているものは、行動主義者にとっては次のうちどのように説明されるだろうか?",クライアントに対する治療的指示による情動反応の減少,治療的影響による不安の方向転換,消去処置による情動反応の減少,学習された認知的コントロールによる情動反応の抑制 ,C
EMDR（眼球運動による脱感作と再処理）に関する研究によると、PTSDの症状緩和に対するEMDRの有効性は次のうちどれに起因するか?,想像上の暴露,高次条件づけ,リラクゼーション訓練,固定した視覚的注意,A
2つの機械工技能試験の項目は、50の工場の機械工の2つの職務分析に基づいており、それぞれ5人以上の機械工が同等の作業を行っている。 このような2つの手順は、テストの次のうちどれに直接貢献するか?,併存的妥当性,予測妥当性,経験的妥当性,内容妥当性,D
刺激の魅力が減少するまで、クライアントに対して刺激を繰り返し提示する手順をもっともよく表すのは次のうちどれか?,刺激飽和,反応妨害,フラッディング,インプロージョン,A
自分の意見に反対する議論、つまり強く反論された議論に個人をさらすことは、次のうちどれに役立つ可能性があるか?,その人の態度の両価性を高める,後の説得力のあるアピールに対する彼らの抵抗を弱める,態度の対象に対して無関心にさせる,後の説得力のあるアピールに対して親和力を注入する,D
減衰の補正の機能は、次のうちどれか?,テストの予測的妥当性の推定値を提供する-これは、いかなる特定の検証サンプルにおける偶然の要因とも無関係,項目の加算または減算がテストの信頼性にどのように影響するかを示す,一方または両方がエラーなしに測定できる場合、2変数間の相関を推定する,いずれかの変数の範囲を制限するために得られた相関係数を補正する,C
外来でメンタルヘルス治療を受けるために来院したうつ病患者を、認知行動治療または短期動的治療のいずれかにランダムに割り付け、両群を検査前および検査後に評価した研究について正しいのはどれか?,混合モデル分散分析(ANOVA)を用いてデータを解析することができる,様式に、1つの被験者間因子と1つの被験者内因子が含まれている,各因子は2つのレベルからなる,上記のすべて,D
コバサら(1982)が述べているように、ハーディネスという性格特性は次のどれによって特徴づけられるか?,自信、能力、統制,コミットメント、挑戦、統制,常識、コミットメント、能力,能力、挑戦、コミットメント,B
人間性セラピストと実存的セラピストは、潰瘍、高血圧、緊張型頭痛を次のうちどれとみなしているか?,厳密には身体的な現象,個人的価値観との接触の喪失による症状,実際の身体的症状ではなく、知覚された身体症状,物理的環境における特定のストレス要因に対する反応とみなす。,B
子どもの不品行には4つの目的、すなわち、注目、復讐、権力、不十分さの誇示のどれかがあるという信念は、次のうちどれと最も一致するか?,ベックの認知行動療法,アドラーの個人心理学,パールズのゲシュタルト療法,マーラーの対象関係論,B
子どもの親権訴訟で一般証人を務める場合、心理学者が最も関心を持つべきことは、次のうちどれか?,子どもが何を望んでいるか。,中立の立場を保つこと。,子どもの最善の利益。,心理学者を雇った人の最善の利益。,C
セリエ（1956）は、次の内分泌腺のどれが汎適応症候群を媒介すると提唱したか?,甲状腺と胸腺,副腎と下垂体,甲状腺と副甲状腺,膵臓と松果体,B
発達研究の中で、変数は時間の関数として評価される。横断的デザインはどのように機能するか?,何人かの人々を長期間にわたって調査する,年齢別に分けられた異なるグループを同時に評価する,縦断的デザインと横断的デザインを組み合わせる,異なる年齢の代表サンプルを複数回評価する,B
あなたにワン夫人から非常に動揺した電話がある。3日前に14歳の娘が親友の暴行を目撃し、非常に取り乱しているという。その女の子は眠らず、食事もとらず、泣き止まない。あなたは青少年を対象に仕事をした経験も、危機介入サービスを提供した経験も浅い。しかし、地域であなたより経験豊富な人は他にいない。倫理的な心理学者として、あなたは＿＿＿＿＿。,危機介入の経験があるので、ワン婦人の娘のセラピーを行うことに同意する,あなたの経験不足をワン夫人に伝え、ワン夫人があなたに娘のセラピーをしてほしいかどうか決めるようにする,あなたの経験不足のため、彼女の娘に会うことはできないとワン夫人に伝える,危機が去るまで、あるいは代替サービスが見つかるまでの間だけ、ワン婦人の娘にセラピーを行う,D
2組のテストスコア間の相関は次のうちどれを示すか?,あるテストでのスキルが、別のテストでのスキルにどの程度影響するか,2組のテストスコアの精度,両方のテストでのスキルが、第3のスキルの結果である度合い,一方のテストでの分散が、もう一方のテストでの分散に関連する割合,D
非言語的な青年に用いるのに最も適切である一般的な認知能力を測定する尺度は、次のうちどれか?,スタンフォード-ビネー知能スケール-5,ライター-R,カウフマン式児童用アセスメント-II,児童向けウェクスラー式知能検査-IV,B
A.プレイズ医師は、刑事事件の被告人の裁判所命令による評価を依頼される。彼女は被告人と評価の目的について話し合ったが、被告人は協力したくないと言った。法医学心理学の専門ガイドラインによると、プレイズ医師が行うべきなのは次のうちどれか?,評価は裁判所の命令であるため、被告人に選択の余地がないことを思い出させる。,被告から署名入りの同意を得ない限り、評価の実施を拒否する。,被告の弁護士から署名入りの同意を得られない限り、評価の実施を拒否する。,評価を延期し、被告に弁護士に連絡するよう助言する。,D
慢性的な抑うつ状態にある学生は、期末試験で取った点数の低さを＿＿＿のせいだと考える可能性が最も高い。,自分の能力不足,勉強時間が足りなかった,試験項目の難しさ,講師の無能さ,A
プレマックの原理を使って行動を修正する場合、強化因子は次のうちどれか?,断続的に適用される。,一般化された条件づけ強化因子。,頻繁に起こる行動。,望ましい行動を自然に引き出す刺激。,C
アメリカ心理学会とは?,非白人の研究参加者,高齢者,身体障害のあるクライアント,慢性疾患のある人,C
アーヴィン・ヤロムによると、集団療法における＿＿＿＿＿は、個人療法におけるセラピストとクライアントの関係に類似している。,普遍性,同一性,結束性,アライアンス,C
14歳の少年が万引きで3度目の逮捕をされた。彼の母親は無関心な様子で、「彼はただある段階を通過中なだけだ」と言う。父親は少年の法廷審問の日に釣りに行くことを決め、妹は宿題が多すぎて法廷審問に出席できないと言う。構造的家族療法の観点からすると、この家族を表現するのには次のように表現するのが最も適切なのは次のうちどれか?,遊離している。,閉鎖的。,情動のカットオフ。,歪んでいる。,A
呪術的思考は、何歳くらいの子供に、父親が死んだのは子供自身の不始末のせいだと推測させやすくするか?,12歳,3～6歳,7～12歳,13～18歳,B
次のうち正しいのはどれか?,スピリチュアリティは病気に対する防御因子として作用することが示されており、スピリチュアリティを理解し、臨床診療に取り入れる努力をすることが不可欠,スピリチュアリティをエビデンスに基づいた治療に取り入れることは、宗教的な人に対してのみ有効,ヨガ、瞑想、マインドフルネス、鍼灸のテクニックは、慢性疾患に伴う痛みに対してあまり有効な治療法ではない,選択肢はすべて誤り,A
治療結果のばらつきのうち最も大きな割合を占めるのは、次のうちどれか?,変化への動機づけのような、クライアントの既存の要因,指示的でありながら、患者を治療に留めることができる能力のような、治療技術の変数,温かさや共感のような、セラピストの性格的要因,セラピストとクライアントの相互作用、例えば、2人の冷淡なセラピストと操作的なクライアントの（好ましい）組み合わせ,A
伝統的な心理療法のアプローチとは対照的に、文化的に敏感なアプローチは、クライアントの文化的背景の中で、クライアントの病気の経験を理解しようとする。言い換えれば、文化的に敏感なアプローチは＿＿＿＿視点を採用する。,イーミック,エティック,嘔吐,内因的,A
LISREL（線形構造関係分析）は、あなたの因果モデルが次のうちどの場合、適切な分析方法となるか?,測定された（観察された）属性のみを含む。,潜在特性のみを含む。,測定された（観察された）属性と潜在特性の両方を含む。,相関属性と非相関属性の両方を含む。,C
被告人の裁判を受ける能力を評価する場合、評価の焦点は被告人の何にあるか。次の中から選べ。,善悪を区別する能力。,自己に対する罪状を理解する能力。,犯行時の精神状態。,DSM-IVの診断。,B
子どもの気質と、その子どもが成長する環境の要求や反応との間の一致は、___________ として知られている。,愛着,適合度,双方向性,発達文脈主義,B
「失敗のアイデンティティ」を「成功のアイデンティティ」に置き換えることは、________療法の実践者にとって治療の目標である。,ゲシュタルト,現実,ソリューション・フォーカスト,アドラー,B
心理学的サービスの支払い形態としての物々交換は、＿＿＿＿＿＿。,臨床的に禁忌ではなく、関係性が搾取的でない場合にのみ認められる,いかなる状況下でも認められない,心理学的サービスの金額と支払いのサービスや商品の金額が事前に確定している場合にのみ認められる,物々交換が認められない場合、クライアントがサービスを受けられないと心理士が感じた場合にのみ認められる,A
神経性過食症の最も危険な生理的合併症は?,浮腫,脱水,胃腸障害,電解質不均衡,D
従業員の業績評価手法として強制選択法を用いる主な利点は、以下のうちどれか?,開発と使用が容易。,従業員のフィードバックに具体的な情報を提供する。,甘さやその他のバイアスを緩和するのに役立つ。,職務遂行能力を客観的に測定できる。,C
