「ばらばらで一貫性がなく、筋道が立っていないこと」という意味を持つ熟語は？,熟慮断行,紆余曲折,支離滅裂,虚々実々,C
「一度で大金を手に入れること」という意味を持つ熟語は？,一攫千金,興味本位,五風十雨,衣冠禽獣,A
哀毀〇立 の〇に入る語は？,仁,瞭,骨,起,C
「この世界のあらゆる事物は常に変化して、決して永遠のものではないということ」という意味を持つ熟語は？,盛者必衰,祇園精舎,沙羅双樹,諸行無常,D
「天と地のあらゆる神々」という意味を持つ熟語は？,森羅万象,天地神明,不易流行,生生流転,B
「仏道のために自らの身も命も惜しまないこと」という意味を持つ熟語は？,厭離穢土,不惜身命,気息奄奄,安心立命,B
「「身を縮め、頭を下げて恐縮すること」という意味を持つ熟語は？」という意味を持つ熟語は？,理非曲直,平身低頭,縦横無尽,一心不乱,B
「強い者が弱い者を犠牲にして繁栄すること」という意味を持つ熟語は？,弱肉強食,弱食強食,焼肉定食,弱食強肉,A
「ほんのちょっとのした短い言葉」という意味を持つ熟語は？,片言隻語,森羅万象,明窓浄机,緊褌一番,A
「気が小さく、いつもびくびくしているさま」という意味を持つ熟語は？,鬱鬱勃勃,意気消沈,小心翼翼,海千山千,C
「すぐに爆発しそうな極めて緊迫した状態のこと」という意味を持つ熟語は？,一字千金,苦学力行,英雄豪傑,一触即発,D
「考え方に柔軟さがなく、正しい判断ができないこと」という意味を持つ熟語は？,頑迷固陋,旧態依然,一路平安,温故知新,A
「大切なこととつまらないことを取り違えること」という意味を持つ熟語は？,有為転変,電光石火,本末転倒,狐疑逡巡,C
「言葉の底に奥深い意味が含まれていること」という意味を持つ熟語は？,興味本位,一蓮托生,羽化登仙,意味深長,D
「多くの人々の意見が一致すること」という意味を持つ熟語は？,悪口雑言,一朝一夕,因果応報,異口同音,D
「差別せず、全ての人を同じように愛したり遇したりすること」という意味を持つ熟語は？,狷介不羈,一視同仁,羽化登仙,月下氷人,B
「多くの人が悪事や怪しい行いをすること」という意味を持つ熟語は？,百鬼夜行,鼓腹撃壌,疾風迅雷,悪事千里,A
「考え方ややり方などが、人によってそれぞれ違うこと」という意味を持つ熟語は？,異口同音,三者三様,渾然一体,大同小異,B
「気持ちを引き締めて物事に取り組むこと」という意味を持つ熟語は？,常住坐臥,傍若無人,明哲保身,緊褌一番,D
「自分の子の一人だけに伝えて、他には秘密にすること」という意味を持つ熟語は？,汗牛充棟,顔面蒼白,一騎当千,一子相伝,D
「利益と損失」という意味を持つ熟語は？,一攫千金,利害得失,乾坤一擲,旗幟鮮明,B
「大きな器が簡単に出来上がらないように、大人物と言われる偉大な人は世に出るまでに時間がかかること」という意味を持つ熟語は？,一朝一夕,危機一髪,悪戦苦闘,大器晩成,D
「全てのものは生まれ、移り変わって、いつまでも変化しつづけること」という意味を持つ熟語は？,諸行無常,沙羅双樹,盛者必衰,生々流転,D
「広く書物を読み、多くのことを記憶していること」という意味を持つ熟語は？,一意専心,故事来歴,汗牛充棟,博覧強記,D
「秩序をなくして、いくつにも分かれること」という意味を持つ熟語は？,四分五裂,七裂八分,四裂五分,七分八裂,A
「世の中の全ての存在や物事が絶えず変化して、はかないこと」という意味を持つ熟語は？,一瀉千里,一言居士,画竜点睛,徹頭徹尾,A
「意思が強く、しっかりしていて飾り気のないこと」という意味を持つ熟語は？,獅子搏兎,勇往邁進,剛毅木訥,苦心惨憺,C
「人柄が温厚で、情に厚く、誠実であること」という意味を持つ熟語は？,温厚篤実,一宿一飯,博学篤志,屋梁落月,A
「行うべきことをあれこれ言わずに実行すること」という意味を持つ熟語は？,不言実行,一心不乱,隠忍自重,一言居士,A
「何かがきっかけとなって、心持ちが大きく変わること」という意味を持つ熟語は？,心機一転,天地神明,常住坐臥,老少不定,A
「日本人固有の精神と中国伝来の学問と知識をあわせ持つこと」という意味を持つ熟語は？,和魂漢才,温故知新,曲学阿世,奇想天外,A
「諸事情を考慮して、裁判官が刑罰を軽くすること」という意味を持つ熟語は？,情状酌量,自業自得,秋霜烈日,雲散霧消,A
「きわめてわずかな時間」という意味を持つ熟語は？,近郷近在,雲散鳥没,一朝一夕,一網打尽,C
「根拠のない架空の物事」という意味を持つ熟語は？,天地万物,拱手傍観,天地神明,空中楼閣,D
「全く昔のままで、少しも進歩や発展がない状態」という意味を持つ熟語は？,覧古考新,針小棒大,面従腹背,旧態依然,D
「平等で、私的な感情や利益を交えないこと」という意味を持つ熟語は？,当意即妙,公平無私,軽佻浮薄,杓子定規,B
「将来の成功や目的を達成するため、苦労に耐えること」という意味を持つ熟語は？,毀誉褒貶,有象無象,臥薪嘗胆,管仲随馬,C
「様々な立場の学者が自由に論争し合うこと」という意味を持つ熟語は？,百家争鳴,佳人薄命,空中楼閣,虎視眈耽,A
嘯風弄月 の意味は？,おおげさに自然を嘲笑すること,故郷の自然や風景を懐かしむこと,詩歌や風流を愛して楽しむこと,月夜の風情を台無しにすること,C
「素晴らしい機会に恵まれること」という意味を持つ熟語は？,春宵一刻,雲雨巫山,人跡未踏,好機到来,D
「良いものと悪いものが区別なく入り混じっていること」という意味を持つ熟語は？,喜色満面,玉石混交,白砂青松,金科玉条,B
「悩みや心配事があり眠れず、幾度も寝返りを打つこと」という意味を持つ熟語は？,輾転反側,阿鼻叫喚,艱難辛苦,無理難題,A
「人間のもつ様々な感情のこと」という意味を持つ熟語は？,欣喜雀躍,夢幻泡影,喜怒哀楽,才気煥発,C
「大きな価値のある立派な文字や文章のこと」という意味を持つ熟語は？,四十不惑,一字千金,以夷征夷,簡潔明瞭,B
「何度も丁寧に頭を下げ、謝意を示すこと」という意味を持つ熟語は？,不惜身命,三拝九拝,是々非々,先憂後楽,B
「大いに飲み食いすること」という意味を持つ熟語は？,無為徒食,管仲随馬,弱肉強食,牛飲馬食,D
「「そばの人に配慮せず、勝手気ままにふるまうこと」という意味を持つ熟語は？」という意味を持つ熟語は？,傍若無人,取捨選択,温厚篤実,孟母三遷,A
「人の先に立って物事を行い、手本を示すこと」という意味を持つ熟語は？,国威発揚,青天白日,率先垂範,面従腹背,C
「二つのものの付きも離れもしない関係」という意味を持つ熟語は？,一期一会,朝三暮四,不即不離,一刀両断,C
「少しの違いがあっても大体が同じこと」という意味を持つ熟語は？,大同小異,一目瞭然,古今無双,広大無辺,A
「言葉を使わずに心から心へ伝えること」という意味を持つ熟語は？,百発百中,拈華微笑,信賞必罰,未来永劫,B
「些細な物事を大げさに誇張して言うこと」という意味を持つ熟語は？,軽佻浮薄,意味深長,春宵一刻,針小棒大,D
「長い年月に様々な経験を積み、世の中の表も裏も知り尽くしていてずる賢いこと」という意味を持つ熟語は？,怨憎会苦,独立独歩,海千山千,一心不乱,C
「自分で自分のことを褒めること」という意味を持つ熟語は？,自画自賛,無念無想,片言隻語,星火燎原,A
古色蒼然 の意味は？,古びて価値のないこと,ひどく古びたさま,懐かしく感じるさま,古くても新しい価値のあること,B
「人の悪い噂ははすぐに広まること」という意味を持つ熟語は？,佳人薄命,一触即発,悪事千里,玉石混交,C
「犯人や罪人などをひとまとめに全員捕まえること」という意味を持つ熟語は？,一宿一飯,閑話休題,一網打尽,光輝燦然,C
「はっきりせず、ぼんやりとふわふわしていること」という意味を持つ熟語は？,一別以来,三寒四温,曖昧模糊,右往左往,C
「攻めるのが困難で容易に陥落しないこと」という意味を持つ熟語は？,旧態依然,難攻不落,一視同仁,切歯扼腕,B
「「強い志をもち、どんな困難にあってもくじけないこと」という意味を持つ熟語は？」という意味を持つ熟語は？,不撓不屈,一蓮托生,二六時中,天災地変,A
「数は多いが種々雑多で、くだらない連中や物のこと」という意味を持つ熟語は？,有象無象,永遠不滅,天地神明,一触即発,A
「心は弱いのに外見は強く見えること」という意味を持つ熟語は？,自暴自棄,針小棒大,内柔外剛,弱肉強食,C
「自分に都合のいいように言ったり行動したりすること」という意味を持つ熟語は？,軽佻浮薄,円転自在,我田引水,雲散霧消,C
「希望を失い、やけになって自分の身を粗末に扱うこと」という意味を持つ熟語は？,不惜身命,遅疑逡巡,自暴自棄,内柔外剛,C
「誰の援助も受けずに一人努力すること」という意味を持つ熟語は？,勇往邁進,手練手管,明鏡止水,孤軍奮闘,D
「東へ西へとあちこち忙しく駆け回ること」という意味を持つ熟語は？,苦心惨憺,東奔西走,春風駘蕩,一気呵成,B
「自分の意見を押し通し、屁理屈を並べて道理に合わない理屈をいうこと」という意味を持つ熟語は？,漱石枕流,晴耕雨読,杓子定規,言語道断,A
「優れた人が多くいること」という意味を持つ熟語は？,千紫万紅,多士済済,百家争鳴,唯我独尊,B
「群を抜いて強い者のこと」という意味を持つ熟語は？,金科玉条,乾坤一擲,一騎当千,雲散鳥没,C
「美しい海岸の風景」という意味を持つ熟語は？,山紫水明,花鳥風月,一瀉千里,白砂青松,D
「世間をあっと驚かせること」という意味を持つ熟語は？,驚天動地,電光石火,危急存亡,天衣無縫,A
「十分に考えた上で、思い切って実行すること」という意味を持つ熟語は？,随処作主,熟慮断行,意気衝天,駑馬十駕,B
「物事をためらわずに速やかに決断して処理すること」という意味を持つ熟語は？,運否天賦,一目瞭然,虚々実々,一刀両断,D
「言動が自在で角が立たず、物事をすらすら処理していくこと」という意味を持つ熟語は？,美辞麗句,円転滑脱,陰徳陽報,教唆扇動,B
「度量が広く大らかで、小さなことにこだわらないこと」という意味を持つ熟語は？,豪放磊落,獅子奮迅,明哲保身,鶏鳴狗盗,A
「次々に多くの客が絶え間がなく来ること」という意味を持つ熟語は？,百代過客,主客転倒,千客万来,騒人墨客,C
「今までにも例がなく、将来もありえないと思われること」という意味を持つ熟語は？,前代未聞,白虹貫日,前後不覚,承前啓後,A
鎧袖一触 の読み方は？,かいしょういっしょく,がいしゅういっしょく,がいしょういっそく,かいしゅういっそく,B
「身を縮め、頭を下げて恐縮すること」という意味を持つ熟語は？,理非曲直,平身低頭,縦横無尽,一心不乱,B
「心が澄み切って落ち着き払っている状態」という意味を持つ熟語は？,群雄割拠,百花繚乱,明鏡止水,捲土重来,C
「なんの味わいもおもしろ味もないこと」という意味を持つ熟語は？,堅忍不抜,荒唐無稽,鶏鳴狗盗,無味乾燥,D
紆余委蛇 の読み方は？,はんよいだ,うよいだ,はんよいじゃ,うだあいじゃ,B
竜〇麟振 の〇に入る語は？,燕,驤,陽,禽,B
「大切な守るべき規則や法律のこと」という意味を持つ熟語は？,金科玉条,気息奄々,有職故実,青天白日,A
〇然大公 の〇に入る語は？,豪,廓,大,怨,B
「夫婦の仲がよいこと」という意味を持つ熟語は？,糟糠之妻,右往左往,同床異夢,偕老同穴,D
「顔をほころばせてにっこり笑うこと」という意味を持つ熟語は？,天真爛漫,破顔一笑,美辞麗句,五里霧中,B
「客観的で公平に物事を判断すること」という意味を持つ熟語は？,兼愛無私,不偏不党,一視同仁,是々非々,D
「その道の大家として人々から仰ぎ尊ばれる人」という意味を持つ熟語は？,栄枯盛衰,公明正大,泰山北斗,自画自賛,C
「心を無にし、無我の境地に達した状態」という意味を持つ熟語は？,無念無想,枝葉末節,諸行無常,八面六臂,A
脚〇照顧 の〇に入る語は？,経,傑,下,気,C
慈母敗子 の意味は？,教育は時には厳しさが必要であること,子の愛はときに母の愛を上回ること,母を愛することは子どもの人生を左右すること,親子の情に勝るものはないこと,A
「その場その場の状況に応じて適切な処置をすること」という意味を持つ熟語は？,熟慮断行,臨機応変,孟母三遷,取捨選択,B
「この世を汚れたものであるとして、嫌い離れること」という意味を持つ熟語は？,鬼面仏心,隠忍自重,往生極楽,厭離穢土,D
「私心を差しはさまず、堂々としていて正しいこと」という意味を持つ熟語は？,公明正大,諸行無常,臥竜鳳雛,月下氷人,A
「人柄が無邪気で飾り気がないこと」という意味を持つ熟語は？,千紫万紅,天衣無縫,白砂青松,山紫水明,B
「美しく飾った言葉」という意味を持つ熟語は？,先憂後楽,勧善懲悪,枝葉末節,美辞麗句,D
「どれをとっても皆な同じように単調で、面白みのないこと」という意味を持つ熟語は？,諸事万端,百花繚乱,千篇一律,浅学菲才,C
「一つの事をして、二つの利益を同時に得ること」という意味を持つ熟語は？,一挙両得,錦上添花,運否天賦,公明正大,A
「自然界に起こる地震・暴風などの災害」という意味を持つ熟語は？,行雲流水,天地神明,秋霜烈日,天災地変,D
「うたい起こし、発展、場面や視点を転じ、全体を締めくくる、漢詩における構成法の一つ」という意味を持つ熟語は？,起承転結,首尾一貫,我田引水,枝葉末節,A
「古くから伝わっている事柄のいわれ、由来、歴史のこと」という意味を持つ熟語は？,画竜点睛,巧言令色,熟読玩味,故事来歴,D
「道理にかなったことと外れていること」という意味を持つ熟語は？,同工異曲,理非曲直,完全無欠,右顧左眄,B
「根拠のないうわさ」という意味を持つ熟語は？,流言飛語,疑心暗鬼,遅疑逡巡,奇想天外,A
「つまらないことしかできない者」という意味を持つ熟語は？,鶏鳴狗盗,毀誉褒貶,人面獣身,自家撞着,A
「天や神の助け、加護。偶然に恵まれて助かること」という意味を持つ熟語は？,天衣無縫,因果応報,天佑神助,天真爛漫,C
「物事の順序が逆であること」という意味を持つ熟語は？,主客転倒,下学上達,本末転倒,面従背反,A
「自分の行いで、悪い報いを自分が受けること」という意味を持つ熟語は？,人跡未踏,好機到来,自業自得,二律背反,C
「周囲にかまわず自分の思うとおりに行動すること」という意味を持つ熟語は？,直情径行,優柔不断,自画自賛,森羅万象,A
紫電一閃 の意味は？,雷に打たれるほどの感動があること,一瞬の輝きを決して忘れないこと,一度の出来事で苦しむこと,あっという間のこと,D
「その分野に新しく現れて、勢いが盛んで将来有望であること」という意味を持つ熟語は？,疾風迅雷,新進気鋭,知勇兼備,暴虎馮河,B
「絶えず各地を旅していること」という意味を持つ熟語は？,頑迷固陋,東奔西走,常住坐臥,南船北馬,D
「「自分の考えを持たず、すぐ他人の言動に同調すること」という意味を持つ熟語は？」という意味を持つ熟語は？,付和雷同,大言壮語,時期尚早,多士済済,A
「老人も若者も人の死はいつ訪れるかわからないこと」という意味を持つ熟語は？,老少不定,朝令暮改,弱肉強食,大器晩成,A
「生き残るか滅びるかという重大な瀬戸際のこと」という意味を持つ熟語は？,疾風迅雷,破天荒解,臥薪嘗胆,危急存亡,D
「互いに策略や秘術を出し尽くして戦うこと」という意味を持つ熟語は？,虚虚実実,多士済済,竜頭蛇尾,旗幟鮮明,A
「大騒ぎすること」という意味を持つ熟語は？,大山鳴動,弱肉強食,是是非非,意気投合,A
「変化が起伏に富みはげしいこと」という意味を持つ熟語は？,周章狼狽,一騎当千,波瀾万丈,驚天動地,C
「道理に外れた言いがかり」という意味を持つ熟語は？,矛盾撞着,戦戦恐恐,獅子奮迅,無理難題,D
「転げ回って、もがき苦しむこと」という意味を持つ熟語は？,七倒八転,七転八倒,四転五倒,四倒五転,B
「山水の景色が清らかで美しいこと」という意味を持つ熟語は？,風光明媚,明窓浄机,森羅万象,我田引水,A
「目的達成までの道のりや行程が非常に遠く長いこと」という意味を持つ熟語は？,前途遼遠,広大無辺,絶体絶命,天長地久,A
「口でいえないほどひどいこと」という意味を持つ熟語は？,片言隻語,杓子定規,言語道断,公平無私,C
「小躍りするほど大喜びすること」という意味を持つ熟語は？,無我夢中,欣喜雀躍,才気煥発,喜怒哀楽,B
「栄えている者もいつか必ず衰え滅びるということ」という意味を持つ熟語は？,盛者必衰,朝令暮改,百家争鳴,荒唐無稽,A
「事の良し悪しに関わらず、他人の言いなりになること」という意味を持つ熟語は？,広大無辺,山紫水明,言語道断,唯々諾々,D
「いまだ人が足を踏み入れたことがないこと」という意味を持つ熟語は？,足跡未踏,人跡未達,足跡未達,人跡未踏,D
「物事を中断せずに一息に仕上げること」という意味を持つ熟語は？,国威発揚,一気呵成,衣錦尚絅,虚々実々,B
「前置きなしに、いきなり本題に入ること」という意味を持つ熟語は？,新進気鋭,当意即妙,単刀直入,終始一貫,C
「その事を行うには、まだ時が早過ぎること」という意味を持つ熟語は？,人跡未踏,馬耳東風,時期尚早,時節到来,C
「多くの英雄たちが各地に勢力を張り、互いに対立し合うこと」という意味を持つ熟語は？,臥竜鳳雛,群雄割拠,馬耳東風,旭日昇天,B
「何も手を加えず自然のままにまかせること」という意味を持つ熟語は？,栄枯盛衰,無為自然,鼓腹撃壌,佳人薄命,B
「「骨を粉にし身を砕くほど、力の限り努力すること」という意味を持つ熟語は？」という意味を持つ熟語は？,粉骨砕身,小心翼翼,和洋折衷,勇猛果敢,A
「民衆に先立って国のことを心配し、楽しむのは民衆より遅れて楽しむこと」という意味を持つ熟語は？,勇往邁進,先憂後楽,七生報国,清廉潔白,B
「全てのものが溶け合って、一つのものになるさま」という意味を持つ熟語は？,行雲流水,終始一貫,万緑一紅,渾然一体,D
「何事にも一言必ず何か意見を言わなければ気が済まない人」という意味を持つ熟語は？,益者三友,塞翁失馬,一言居士,一衣帯水,C
「滅多にめぐりあえないほどの稀な好機」という意味を持つ熟語は？,沈魚落雁,千載一遇,乾坤一擲,千客万来,B
「疑いためらっつて尻込みすること」という意味を持つ熟語は？,実践躬行,遅疑逡巡,小心翼翼,孤立無援,B
「同じ人の言動や文章などが前後でつじつまが合わず、矛盾していること」という意味を持つ熟語は？,首尾一貫,是々非々,自家撞着,面従腹背,C
「その人の能力に適した仕事や地位を与えること」という意味を持つ熟語は？,適材適所,破顔一笑,八面六臂,機会均等,A
「人として守るべき道義と節操」という意味を持つ熟語は？,興味津津,大義名分,綱紀粛正,君子豹変,B
「理論や考えを実際に自分自身で行うこと」という意味を持つ熟語は？,軽挙妄動,乾坤一擲,才色兼備,実践躬行,D
「学問や知識が浅く、才能が欠けていること」という意味を持つ熟語は？,仙才鬼才,浅薄愚劣,浅学菲才,人跡未踏,C
「腹を抱えてひっくり返るほど笑うこと」という意味を持つ熟語は？,四分五裂,主客転倒,拈華微笑,抱腹絶倒,D
「「命知らずで無謀な行為」という意味を持つ熟語は？」という意味を持つ熟語は？,鶏鳴狗盗,切磋琢磨,自縄自縛,暴虎馮河,D
「命知らずで無謀な行為」という意味を持つ熟語は？,鶏鳴狗盗,切磋琢磨,自縄自縛,暴虎馮河,D
「社会的な妥当性が認められる道徳観のこと」という意味を持つ熟語は？,良風美俗,杓子定規,公序良俗,金科玉条,C
「結婚を仲立ちする人。」という意味を持つ熟語は？,月下氷人,金科玉条,傍若無人,佳人薄命,A
「道でたまたま聞き知ったことを、知ったかぶりして話すこと」という意味を持つ熟語は？,道聴塗説,曖昧模糊,以心伝心,完全無欠,A
「これまでに一度も聞いたことがないような非常に珍しいこと」という意味を持つ熟語は？,前代未聞,松風水月,呉越同舟,酔生夢死,A
